row_count,paper_no,first_author_surname,pub_year,order,family,genus,species,genus_species,genus_timetree,species_timetree,specific_location_name,city,state_province,country,population,data_year,egg_design,source_page,source,trait_cat,trait,simp_trait,units,egg_embryo_hatchling,age,sex,other_factors,const_fluct,T,T_fluc,water_potential,waterpot,pairgrp,KPA_conversion,egg_mass_g,mean,sd,N,SE conversion,error_type,data_style,collapse,id,cor,waterpot.2,mean.2,sd.2,SE conversion.2,N.2,T.2,waterpot_mid,waterpot_diff
1,1051,Brown,2006,Squamata,Colubridae,Tropidonophis,mairii,Tropidonophis_mairii,Tropidonophis,mairii,Fogg Dam Nature Reserve, Darwin, Northern Territory, Australia,pop1,year1,split_pseudo,author,raw data,Incubation,Incubation duration,Incubation duration,days,Hatchling,0,mixed,NA,Fluct,25.4,11.2,50%,300,5,-300,2.8,58,8.456997103,8,8.456997103,SE,raw,10,1051.5,1051.300.5,135,57.75,8.824692629,8.824692629,8,25.4,217.5,165
2,1051,Brown,2006,Squamata,Colubridae,Tropidonophis,mairii,Tropidonophis_mairii,Tropidonophis,mairii,Fogg Dam Nature Reserve, Darwin, Northern Territory, Australia,pop1,year1,split_pseudo,author,raw data,Incubation,Incubation duration,Incubation duration,days,Hatchling,0,mixed,NA,Fluct,27.9,11.6,50%,300,6,-300,2.8,47.5,3.507249635,8,3.507249635,SE,raw,9,1051.6,1051.300.6,135,50.11,7.74,7.74,9,27.9,217.5,165
3,1115,Diaz-Paniagua,2003,Squamata,Chamaeleonidae,Chamaeleo,chamaeleon,Chamaeleo_chamaeleon,Chamaeleo,chamaeleon,NA,NA,NA,Southern Spain,pop1,1998,split_pseudo,434,Table 2,Incubation,Incubation duration,Incubation duration,days,Hatchling,0,mixed,NA,Const,25,0,-600,600,3,NA,1.35,144.2,1.86,48,NA,SD,raw,5,1115.3,1115.600.3,150,141.9,2.69,NA,48,25,375,450
4,1115,Diaz-Paniagua,2003,Squamata,Chamaeleonidae,Chamaeleo,chamaeleon,Chamaeleo_chamaeleon,Chamaeleo,chamaeleon,NA,NA,NA,Southern Spain,pop1,1998,split_pseudo,434,Table 2,Incubation,Incubation duration,Incubation duration,days,Hatchling,0,mixed,NA,Const,29,0,-600,600,4,NA,1.35,104.4,2.87,48,NA,SD,raw,6,1115.4,1115.600.4,150,98.8,1.52,NA,48,29,375,450
5,1191,Guo,1994,Testudines,Geoemydidae,Mauremys,mutica,Mauremys_mutica,Mauremys,mutica,NA,NA,NA,China,pop1,NA,split_pseudo,218,Table 2,Incubation,Incubation duration,Incubation duration,days,Hatchling,0,mixed,NA,Const,25,0,-300,300,16,NA,17.79,91.52,2.65,25,2.65,SE,raw,39,1191.16,1191.300.16,150,91.32,3.121986547,3.121986547,28,25,225,150
6,1191,Guo,1994,Testudines,Geoemydidae,Mauremys,mutica,Mauremys_mutica,Mauremys,mutica,NA,NA,NA,China,pop1,NA,split_pseudo,218,Table 2,Incubation,Incubation duration,Incubation duration,days,Hatchling,0,mixed,NA,Const,25,0,-300,300,16,NA,17.79,91.52,2.65,25,2.65,SE,raw,39,1191.16,1191.300.16,12,92,2.571750377,2.571750377,19,25,156,288
7,1191,Guo,1994,Testudines,Geoemydidae,Mauremys,mutica,Mauremys_mutica,Mauremys,mutica,NA,NA,NA,China,pop1,NA,split_pseudo,218,Table 2,Incubation,Incubation duration,Incubation duration,days,Hatchling,0,mixed,NA,Const,25,0,-150,150,16,NA,17.79,91.32,3.121986547,28,3.121986547,SE,raw,41,1191.16,1191.150.16,12,92,2.571750377,2.571750377,19,25,81,138
8,1191,Guo,1994,Testudines,Geoemydidae,Mauremys,mutica,Mauremys_mutica,Mauremys,mutica,NA,NA,NA,China,pop1,NA,split_pseudo,218,Table 2,Incubation,Incubation duration,Incubation duration,days,Hatchling,0,females,NA,Const,29,0,-300,300,17,NA,17.79,66.03,1.486707772,23,1.486707772,SE,raw,38,1191.17,1191.300.17,150,65.87,1.830956034,1.830956034,29,29,225,150
9,1191,Guo,1994,Testudines,Geoemydidae,Mauremys,mutica,Mauremys_mutica,Mauremys,mutica,NA,NA,NA,China,pop1,NA,split_pseudo,218,Table 2,Incubation,Incubation duration,Incubation duration,days,Hatchling,0,females,NA,Const,29,0,-300,300,17,NA,17.79,66.03,1.486707772,23,1.486707772,SE,raw,38,1191.17,1191.300.17,12,66.08,2.078460969,2.078460969,27,29,156,288
10,1191,Guo,1994,Testudines,Geoemydidae,Mauremys,mutica,Mauremys_mutica,Mauremys,mutica,NA,NA,NA,China,pop1,NA,split_pseudo,218,Table 2,Incubation,Incubation duration,Incubation duration,days,Hatchling,0,females,NA,Const,29,0,-150,150,17,NA,17.79,65.87,1.830956034,29,1.830956034,SE,raw,42,1191.17,1191.150.17,12,66.08,2.078460969,2.078460969,27,29,81,138
11,1191,Guo,1994,Testudines,Geoemydidae,Mauremys,mutica,Mauremys_mutica,Mauremys,mutica,NA,NA,NA,China,pop1,NA,split_pseudo,218,Table 2,Incubation,Incubation duration,Incubation duration,days,Hatchling,0,females,NA,Const,33,0,-300,300,18,NA,17.79,57.67,2.82,9,2.82,SE,raw,37,1191.18,1191.300.18,150,57,2.883868929,2.883868929,7,33,225,150
12,1191,Guo,1994,Testudines,Geoemydidae,Mauremys,mutica,Mauremys_mutica,Mauremys,mutica,NA,NA,NA,China,pop1,NA,split_pseudo,218,Table 2,Incubation,Incubation duration,Incubation duration,days,Hatchling,0,females,NA,Const,33,0,-300,300,18,NA,17.79,57.67,2.82,9,2.82,SE,raw,37,1191.18,1191.300.18,12,57,1.414213562,1.414213562,2,33,156,288
13,1191,Guo,1994,Testudines,Geoemydidae,Mauremys,mutica,Mauremys_mutica,Mauremys,mutica,NA,NA,NA,China,pop1,NA,split_pseudo,218,Table 2,Incubation,Incubation duration,Incubation duration,days,Hatchling,0,females,NA,Const,33,0,-150,150,18,NA,17.79,57,2.883868929,7,2.883868929,SE,raw,40,1191.18,1191.150.18,12,57,1.414213562,1.414213562,2,33,81,138
14,1229,Ji,1999,Squamata,Lacertidae,Podarcis,muralis,Podarcis_muralis,Podarcis,muralis,NA,NA, Oviedo,Spain,pop1,1996,other,208,Table 2,Incubation,Incubation duration,Incubation duration,days,Hatchling,0,mixed,NA,Const,29,0.6,-220,220,21,NA,0.32,33.3,1,25,1,SE,raw,45,1229.21,1229.220.21,12,33.8,0.768114575,0.768114575,59,29,116,208
15,1229,Ji,1999,Squamata,Lacertidae,Podarcis,muralis,Podarcis_muralis,Podarcis,muralis,NA,NA, Oviedo,Spain,pop1,1996,other,208,Table 2,Incubation,Incubation duration,Incubation duration,days,Hatchling,0,mixed,NA,Const,29,0.6,-220,220,21,NA,0.32,33.3,1,25,1,SE,raw,45,1229.21,1229.220.21,0,33.5,0.538516481,0.538516481,29,29,110,220
16,1229,Ji,1999,Squamata,Lacertidae,Podarcis,muralis,Podarcis_muralis,Podarcis,muralis,NA,NA, Oviedo,Spain,pop1,1996,other,208,Table 2,Incubation,Incubation duration,Incubation duration,days,Hatchling,0,mixed,NA,Const,29,0.6,-12,12,21,NA,0.32,33.8,0.768114575,59,0.768114575,SE,raw,47,1229.21,1229.12.21,0,33.5,0.538516481,0.538516481,29,29,6,12
17,1229,Ji,1999,Squamata,Lacertidae,Podarcis,muralis,Podarcis_muralis,Podarcis,muralis,NA,NA, Oviedo,Spain,pop1,1996,other,208,Table 2,Incubation,Incubation duration,Incubation duration,days,Hatchling,0,mixed,NA,Const,32,0.6,-220,220,22,NA,0.32,27.7,0.916515139,21,0.916515139,SE,raw,44,1229.22,1229.220.22,12,27.4,0.8,0.8,64,32,116,208
18,1229,Ji,1999,Squamata,Lacertidae,Podarcis,muralis,Podarcis_muralis,Podarcis,muralis,NA,NA, Oviedo,Spain,pop1,1996,other,208,Table 2,Incubation,Incubation duration,Incubation duration,days,Hatchling,0,mixed,NA,Const,32,0.6,-220,220,22,NA,0.32,27.7,0.916515139,21,0.916515139,SE,raw,44,1229.22,1229.220.22,0,27.8,0.979795897,0.979795897,24,32,110,220
19,1229,Ji,1999,Squamata,Lacertidae,Podarcis,muralis,Podarcis_muralis,Podarcis,muralis,NA,NA, Oviedo,Spain,pop1,1996,other,208,Table 2,Incubation,Incubation duration,Incubation duration,days,Hatchling,0,mixed,NA,Const,32,0.6,-12,12,22,NA,0.32,27.4,0.8,64,0.8,SE,raw,48,1229.22,1229.12.22,0,27.8,0.979795897,0.979795897,24,32,6,12
20,1231,Ji,2001,Squamata,Elapidae,Naja,atra,Naja_atra,Naja,atra,Captive bred, Yiwu and Jiande, Zhejiang, China,pop1,1998,split_pseudo,189,Table 1,Incubation,Incubation duration,Incubation duration,days,Hatchling,0,mixed,NA,Const,24,0.6,-220,220,21,NA,16.1,93.1,2.424871131,12,2.424871131,SE,raw,33,1231.21,1231.220.21,0,89.8,2.25166605,2.25166605,3,24,110,220
21,1231,Ji,2001,Squamata,Elapidae,Naja,atra,Naja_atra,Naja,atra,Captive bred, Yiwu and Jiande, Zhejiang, China,pop1,1998,split_pseudo,189,Table 1,Incubation,Incubation duration,Incubation duration,days,Hatchling,0,mixed,NA,Const,26,0.6,-220,220,22,NA,16.1,66,2.078460969,27,2.078460969,SE,raw,34,1231.22,1231.220.22,0,67.1,2.783882181,2.783882181,31,26,110,220
22,1231,Ji,2001,Squamata,Elapidae,Naja,atra,Naja_atra,Naja,atra,Captive bred, Yiwu and Jiande, Zhejiang, China,pop1,1998,split_pseudo,189,Table 1,Incubation,Incubation duration,Incubation duration,days,Hatchling,0,mixed,NA,Const,30,0.6,-220,220,23,NA,16.1,46.1,2.19089023,30,2.19089023,SE,raw,36,1231.23,1231.220.23,0,46.2,1.824828759,1.824828759,37,30,110,220
23,1231,Ji,2001,Squamata,Elapidae,Naja,atra,Naja_atra,Naja,atra,Captive bred, Yiwu and Jiande, Zhejiang, China,pop1,1998,split_pseudo,189,Table 1,Incubation,Incubation duration,Incubation duration,days,Hatchling,0,mixed,NA,Const,32,0.6,-220,220,24,NA,16.1,42.2,1.058300524,28,1.058300524,SE,raw,35,1231.24,1231.220.24,0,42.7,1.438749457,1.438749457,23,32,110,220
24,1232,Ji,2001,Squamata,Colubridae,Elaphe,carinata,Elaphe_carinata,Elaphe,carinata,NA,Lishui and Jiande, Zhejiang, China,pop1,1998,split_pseudo,465,Table 1,Incubation,Incubation duration,Incubation duration,days,Hatchling,0,mixed,NA,Const,24,0.6,-220,220,72,NA,28.1,74.3,1.959591794,24,1.959591794,SE,raw,36,1232.72,1232.220.72,0,73.8,1.587450787,1.587450787,28,24,110,220
25,1232,Ji,2001,Squamata,Colubridae,Elaphe,carinata,Elaphe_carinata,Elaphe,carinata,NA,Lishui and Jiande, Zhejiang, China,pop1,1998,split_pseudo,465,Table 1,Incubation,Incubation duration,Incubation duration,days,Hatchling,0,mixed,NA,Const,26,0.6,-220,220,73,NA,28.3,58,1.374772708,21,1.374772708,SE,raw,33,1232.73,1232.220.73,0,58.1,1.587450787,1.587450787,28,26,110,220
26,1232,Ji,2001,Squamata,Colubridae,Elaphe,carinata,Elaphe_carinata,Elaphe,carinata,NA,Lishui and Jiande, Zhejiang, China,pop1,1998,split_pseudo,465,Table 1,Incubation,Incubation duration,Incubation duration,days,Hatchling,0,mixed,NA,Const,30,0.6,-220,220,74,NA,26.8,44.4,0.959166305,23,0.959166305,SE,raw,34,1232.74,1232.220.74,0,44.4,1.166190379,1.166190379,34,30,110,220
27,1232,Ji,2001,Squamata,Colubridae,Elaphe,carinata,Elaphe_carinata,Elaphe,carinata,NA,Lishui and Jiande, Zhejiang, China,pop1,1998,split_pseudo,465,Table 1,Incubation,Incubation duration,Incubation duration,days,Hatchling,0,mixed,NA,Const,32,0.6,-220,220,75,NA,28,42.5,0.959166305,23,0.959166305,SE,raw,35,1232.75,1232.220.75,0,42.6,0.959166305,0.959166305,23,32,110,220
28,1270,Lin,1998,Squamata,Lacertidae,Takydromus,septentrionalis,Takydromus_septentrionalis,Takydromus,septentrionalis,NA,NA,NA,NA,pop1,1996,other,442,Table 2,Incubation,Incubation duration,Incubation duration,days,Hatchling,0,mixed,NA,Const,24,0,-220,220,10,NA,0.2464,48.4,0.556776436,31,0.556776436,SE,raw,34,1270.1,1270.220.10,12,47.9,0.574456265,0.574456265,33,24,116,208
29,1270,Lin,1998,Squamata,Lacertidae,Takydromus,septentrionalis,Takydromus_septentrionalis,Takydromus,septentrionalis,NA,NA,NA,NA,pop1,1996,other,442,Table 2,Incubation,Incubation duration,Incubation duration,days,Hatchling,0,mixed,NA,Const,24,0,-220,220,10,NA,0.2464,48.4,0.556776436,31,0.556776436,SE,raw,34,1270.1,1270.220.10,0,48.3,1.13137085,1.13137085,32,24,110,220
30,1270,Lin,1998,Squamata,Lacertidae,Takydromus,septentrionalis,Takydromus_septentrionalis,Takydromus,septentrionalis,NA,NA,NA,NA,pop1,1996,other,442,Table 2,Incubation,Incubation duration,Incubation duration,days,Hatchling,0,mixed,NA,Const,24,0,-12,12,10,NA,0.2464,47.9,0.574456265,33,0.574456265,SE,raw,40,1270.1,1270.12.10,0,48.3,1.13137085,1.13137085,32,24,6,12
31,1270,Lin,1998,Squamata,Lacertidae,Takydromus,septentrionalis,Takydromus_septentrionalis,Takydromus,septentrionalis,NA,NA,NA,NA,pop1,1996,other,442,Table 2,Incubation,Incubation duration,Incubation duration,days,Hatchling,0,mixed,NA,Const,26,0,-220,220,11,NA,0.2464,37.6,0.556776436,31,0.556776436,SE,raw,35,1270.11,1270.220.11,12,37.8,0.489897949,0.489897949,24,26,116,208
32,1270,Lin,1998,Squamata,Lacertidae,Takydromus,septentrionalis,Takydromus_septentrionalis,Takydromus,septentrionalis,NA,NA,NA,NA,pop1,1996,other,442,Table 2,Incubation,Incubation duration,Incubation duration,days,Hatchling,0,mixed,NA,Const,26,0,-220,220,11,NA,0.2464,37.6,0.556776436,31,0.556776436,SE,raw,35,1270.11,1270.220.11,0,37.7,1.077032961,1.077032961,29,26,110,220
33,1270,Lin,1998,Squamata,Lacertidae,Takydromus,septentrionalis,Takydromus_septentrionalis,Takydromus,septentrionalis,NA,NA,NA,NA,pop1,1996,other,442,Table 2,Incubation,Incubation duration,Incubation duration,days,Hatchling,0,mixed,NA,Const,26,0,-12,12,11,NA,0.2464,37.8,0.489897949,24,0.489897949,SE,raw,39,1270.11,1270.12.11,0,37.7,1.077032961,1.077032961,29,26,6,12
34,1270,Lin,1998,Squamata,Lacertidae,Takydromus,septentrionalis,Takydromus_septentrionalis,Takydromus,septentrionalis,NA,NA,NA,NA,pop1,1996,other,442,Table 2,Incubation,Incubation duration,Incubation duration,days,Hatchling,0,mixed,NA,Const,28,0,-220,220,12,NA,0.2464,32.4,0.565685425,8,0.565685425,SE,raw,33,1270.12,1270.220.12,12,32.7,1.264911064,1.264911064,10,28,116,208
35,1270,Lin,1998,Squamata,Lacertidae,Takydromus,septentrionalis,Takydromus_septentrionalis,Takydromus,septentrionalis,NA,NA,NA,NA,pop1,1996,other,442,Table 2,Incubation,Incubation duration,Incubation duration,days,Hatchling,0,mixed,NA,Const,28,0,-220,220,12,NA,0.2464,32.4,0.565685425,8,0.565685425,SE,raw,33,1270.12,1270.220.12,0,32.9,0.8,0.8,4,28,110,220
36,1270,Lin,1998,Squamata,Lacertidae,Takydromus,septentrionalis,Takydromus_septentrionalis,Takydromus,septentrionalis,NA,NA,NA,NA,pop1,1996,other,442,Table 2,Incubation,Incubation duration,Incubation duration,days,Hatchling,0,mixed,NA,Const,28,0,-12,12,12,NA,0.2464,32.7,1.264911064,10,1.264911064,SE,raw,37,1270.12,1270.12.12,0,32.9,0.8,0.8,4,28,6,12
37,1460,Tang,2012,Squamata,Agamidae,Phrynocephalus,versicolor,Phrynocephalus_versicolor,Phrynocephalus,versicolor,NA,Linze, Gansu, China,pop2,2011,split_clutch,186,Table 1,Incubation,Incubation duration,Incubation duration,days,Hatchling,0,mixed,NA,Const,26,0.4,-620,620,31,NA,0.51,43.83,2.487468593,11,2.487468593,SE,raw,32,1460.31,1460.620.31,440,45.94,1.72,1.72,16,26,530,180
38,1460,Tang,2012,Squamata,Agamidae,Phrynocephalus,przewalskii,Phrynocephalus_przewalskii,Phrynocephalus,przewalskii,NA,Jingtai, Gansu, China,pop1,2011,split_clutch,186,Table 1,Incubation,Incubation duration,Incubation duration,days,Hatchling,0,mixed,NA,Const,26,0.4,-620,620,32,NA,0.505,46.15,1.733666635,26,1.733666635,SE,raw,32,1460.32,1460.620.32,440,44.25,2.753960784,2.753960784,27,26,530,180
39,1460,Tang,2012,Squamata,Agamidae,Phrynocephalus,versicolor,Phrynocephalus_versicolor,Phrynocephalus,versicolor,NA,Linze, Gansu, China,pop2,2011,split_clutch,186,Table 1,Incubation,Incubation duration,Incubation duration,days,Hatchling,0,mixed,NA,Const,30,0.4,-620,620,33,NA,0.51,30.86,0.935414347,14,0.935414347,SE,raw,33,1460.33,1460.620.33,440,32.61,1.046135746,1.046135746,19,30,530,180
40,1460,Tang,2012,Squamata,Agamidae,Phrynocephalus,przewalskii,Phrynocephalus_przewalskii,Phrynocephalus,przewalskii,NA,Jingtai, Gansu, China,pop1,2011,split_clutch,186,Table 1,Incubation,Incubation duration,Incubation duration,days,Hatchling,0,mixed,NA,Const,30,0.4,-620,620,34,NA,0.505,32.3,0.98386991,20,0.98386991,SE,raw,33,1460.34,1460.620.34,440,30.59,0.938083152,0.938083152,22,30,530,180
41,1460,Tang,2012,Squamata,Agamidae,Phrynocephalus,versicolor,Phrynocephalus_versicolor,Phrynocephalus,versicolor,NA,Linze, Gansu, China,pop2,2011,split_clutch,186,Table 1,Incubation,Incubation duration,Incubation duration,days,Hatchling,0,mixed,NA,Const,34,0.4,-620,620,35,NA,0.51,23.33,0.933380951,8,0.933380951,SE,raw,31,1460.35,1460.620.35,440,24.5,1.3,1.3,4,34,530,180
42,1460,Tang,2012,Squamata,Agamidae,Phrynocephalus,przewalskii,Phrynocephalus_przewalskii,Phrynocephalus,przewalskii,NA,Jingtai, Gansu, China,pop1,2011,split_clutch,186,Table 1,Incubation,Incubation duration,Incubation duration,days,Hatchling,0,mixed,NA,Const,34,0.4,-620,620,36,NA,0.505,25,1.52,16,1.52,SE,raw,31,1460.36,1460.620.36,440,26.12,2.6387876,2.6387876,17,34,530,180
43,1539,Ji,2001,Squamata,Scincidae,Plestiodon,chinensis,Plestiodon_chinensis,Plestiodon,chinensis,NA,NA,NA,China,NA,NA,other,258,Table 1,Incubation,Incubation duration,Incubation duration,days,Hatchling,0,mixed,NA,Const,24,0,-220,220,21,NA,0.68,41.7,1.64924225,68,1.64924225,SE,raw,44,1539.21,1539.220.21,0,41.4,1.456021978,1.456021978,53,24,110,220
44,1539,Ji,2001,Squamata,Scincidae,Plestiodon,chinensis,Plestiodon_chinensis,Plestiodon,chinensis,NA,NA,NA,China,NA,NA,other,258,Table 1,Incubation,Incubation duration,Incubation duration,days,Hatchling,0,mixed,NA,Const,26,0,-220,220,22,NA,0.68,32,1.341640786,45,1.341640786,SE,raw,41,1539.22,1539.220.22,0,31.4,1.624807681,1.624807681,66,26,110,220
45,1539,Ji,2001,Squamata,Scincidae,Plestiodon,chinensis,Plestiodon_chinensis,Plestiodon,chinensis,NA,NA,NA,China,NA,NA,other,258,Table 1,Incubation,Incubation duration,Incubation duration,days,Hatchling,0,mixed,NA,Const,30,0,-220,220,23,NA,0.68,20.5,0.721110255,52,0.721110255,SE,raw,42,1539.23,1539.220.23,0,20.5,0.68556546,0.68556546,47,30,110,220
46,1539,Ji,2001,Squamata,Scincidae,Plestiodon,chinensis,Plestiodon_chinensis,Plestiodon,chinensis,NA,NA,NA,China,NA,NA,other,258,Table 1,Incubation,Incubation duration,Incubation duration,days,Hatchling,0,mixed,NA,Const,32,0,-220,220,24,NA,0.68,19,0.761577311,58,0.761577311,SE,raw,43,1539.24,1539.220.24,0,19.2,0.741619849,0.741619849,55,32,110,220
47,1627,Muth,1980,Squamata,Iguanidae,Dipsosaurus,dorsalis,Dipsosaurus_dorsalis,Dipsosaurus,dorsalis,"Palm Desert, Riverside County",NA, California,USA,pop1,year1,split_pseudo,1338,Fig. 3,Incubation,Incubation duration,Incubation duration,days,Hatchling,0,mixed,NA,Const,28,0,-1000,1000,10,NA,10.465,80.48,5.53390233,3,5.53390233,SE,raw,30,1627.1,1627.1000.10,500,86.1,2.7,2.7,4,28,750,500
48,1627,Muth,1980,Squamata,Iguanidae,Dipsosaurus,dorsalis,Dipsosaurus_dorsalis,Dipsosaurus,dorsalis,"Palm Desert, Riverside County",NA, California,USA,pop1,year1,split_pseudo,1338,Fig. 3,Incubation,Incubation duration,Incubation duration,days,Hatchling,0,mixed,NA,Const,28,0,-1000,1000,10,NA,10.465,80.48,5.53390233,3,5.53390233,SE,raw,30,1627.1,1627.1000.10,100,80.88,5.142956348,5.142956348,5,28,550,900
49,1627,Muth,1980,Squamata,Iguanidae,Dipsosaurus,dorsalis,Dipsosaurus_dorsalis,Dipsosaurus,dorsalis,"Palm Desert, Riverside County",NA, California,USA,pop1,year1,split_pseudo,1338,Fig. 3,Incubation,Incubation duration,Incubation duration,days,Hatchling,0,mixed,NA,Const,28,0,-500,500,10,NA,10.465,86.1,2.7,4,2.7,SE,raw,38,1627.1,1627.500.10,100,80.88,5.142956348,5.142956348,5,28,300,400
50,1627,Muth,1980,Squamata,Iguanidae,Dipsosaurus,dorsalis,Dipsosaurus_dorsalis,Dipsosaurus,dorsalis,"Palm Desert, Riverside County",NA, California,USA,pop1,year1,split_pseudo,1338,Fig. 3,Incubation,Incubation duration,Incubation duration,days,Hatchling,0,mixed,NA,Const,30,0,-1000,1000,11,NA,10.465,62.53,1.203816847,7,1.203816847,SE,raw,34,1627.11,1627.1000.11,500,67.09,2.58,2.58,9,30,750,500
51,1627,Muth,1980,Squamata,Iguanidae,Dipsosaurus,dorsalis,Dipsosaurus_dorsalis,Dipsosaurus,dorsalis,"Palm Desert, Riverside County",NA, California,USA,pop1,year1,split_pseudo,1338,Fig. 3,Incubation,Incubation duration,Incubation duration,days,Hatchling,0,mixed,NA,Const,30,0,-1000,1000,11,NA,10.465,62.53,1.203816847,7,1.203816847,SE,raw,34,1627.11,1627.1000.11,100,69.59,2.063686023,2.063686023,7,30,550,900
52,1627,Muth,1980,Squamata,Iguanidae,Dipsosaurus,dorsalis,Dipsosaurus_dorsalis,Dipsosaurus,dorsalis,"Palm Desert, Riverside County",NA, California,USA,pop1,year1,split_pseudo,1338,Fig. 3,Incubation,Incubation duration,Incubation duration,days,Hatchling,0,mixed,NA,Const,30,0,-500,500,11,NA,10.465,67.09,2.58,9,2.58,SE,raw,43,1627.11,1627.500.11,100,69.59,2.063686023,2.063686023,7,30,300,400
53,1627,Muth,1980,Squamata,Iguanidae,Dipsosaurus,dorsalis,Dipsosaurus_dorsalis,Dipsosaurus,dorsalis,"Palm Desert, Riverside County",NA, California,USA,pop1,year1,split_pseudo,1338,Fig. 3,Incubation,Incubation duration,Incubation duration,days,Hatchling,0,mixed,NA,Const,32,0,-1000,1000,12,NA,10.465,56.17,1.39,4,1.39,SE,raw,31,1627.12,1627.1000.12,500,57.11,3.319058601,3.319058601,6,32,750,500
54,1627,Muth,1980,Squamata,Iguanidae,Dipsosaurus,dorsalis,Dipsosaurus_dorsalis,Dipsosaurus,dorsalis,"Palm Desert, Riverside County",NA, California,USA,pop1,year1,split_pseudo,1338,Fig. 3,Incubation,Incubation duration,Incubation duration,days,Hatchling,0,mixed,NA,Const,32,0,-1000,1000,12,NA,10.465,56.17,1.39,4,1.39,SE,raw,31,1627.12,1627.1000.12,100,56.26,1.19058809,1.19058809,7,32,550,900
55,1627,Muth,1980,Squamata,Iguanidae,Dipsosaurus,dorsalis,Dipsosaurus_dorsalis,Dipsosaurus,dorsalis,"Palm Desert, Riverside County",NA, California,USA,pop1,year1,split_pseudo,1338,Fig. 3,Incubation,Incubation duration,Incubation duration,days,Hatchling,0,mixed,NA,Const,32,0,-500,500,12,NA,10.465,57.11,3.319058601,6,3.319058601,SE,raw,39,1627.12,1627.500.12,100,56.26,1.19058809,1.19058809,7,32,300,400
56,1627,Muth,1980,Squamata,Iguanidae,Dipsosaurus,dorsalis,Dipsosaurus_dorsalis,Dipsosaurus,dorsalis,"Palm Desert, Riverside County",NA, California,USA,pop1,year1,split_pseudo,1338,Fig. 3,Incubation,Incubation duration,Incubation duration,days,Hatchling,0,mixed,NA,Const,34,0,-1000,1000,13,NA,10.465,50.46,1.084758038,7,1.084758038,SE,raw,33,1627.13,1627.1000.13,500,48.04,2.711895094,2.711895094,7,34,750,500
57,1627,Muth,1980,Squamata,Iguanidae,Dipsosaurus,dorsalis,Dipsosaurus_dorsalis,Dipsosaurus,dorsalis,"Palm Desert, Riverside County",NA, California,USA,pop1,year1,split_pseudo,1338,Fig. 3,Incubation,Incubation duration,Incubation duration,days,Hatchling,0,mixed,NA,Const,34,0,-1000,1000,13,NA,10.465,50.46,1.084758038,7,1.084758038,SE,raw,33,1627.13,1627.1000.13,100,49.55,2.500234989,2.500234989,7,34,550,900
58,1627,Muth,1980,Squamata,Iguanidae,Dipsosaurus,dorsalis,Dipsosaurus_dorsalis,Dipsosaurus,dorsalis,"Palm Desert, Riverside County",NA, California,USA,pop1,year1,split_pseudo,1338,Fig. 3,Incubation,Incubation duration,Incubation duration,days,Hatchling,0,mixed,NA,Const,34,0,-500,500,13,NA,10.465,48.04,2.711895094,7,2.711895094,SE,raw,41,1627.13,1627.500.13,100,49.55,2.500234989,2.500234989,7,34,300,400
59,1627,Muth,1980,Squamata,Iguanidae,Dipsosaurus,dorsalis,Dipsosaurus_dorsalis,Dipsosaurus,dorsalis,"Palm Desert, Riverside County",NA, California,USA,pop1,year1,split_pseudo,1338,Fig. 3,Incubation,Incubation duration,Incubation duration,days,Hatchling,0,mixed,NA,Const,36,0,-2000,2000,14,NA,10.465,47.44,1.499066376,2,1.499066376,SE,raw,28,1627.14,1627.2000.14,1500,46.69,2.00128084,2.00128084,5,36,1750,500
60,1627,Muth,1980,Squamata,Iguanidae,Dipsosaurus,dorsalis,Dipsosaurus_dorsalis,Dipsosaurus,dorsalis,"Palm Desert, Riverside County",NA, California,USA,pop1,year1,split_pseudo,1338,Fig. 3,Incubation,Incubation duration,Incubation duration,days,Hatchling,0,mixed,NA,Const,36,0,-2000,2000,14,NA,10.465,47.44,1.499066376,2,1.499066376,SE,raw,28,1627.14,1627.2000.14,1000,43.81,1.032375901,1.032375901,8,36,1500,1000
61,1627,Muth,1980,Squamata,Iguanidae,Dipsosaurus,dorsalis,Dipsosaurus_dorsalis,Dipsosaurus,dorsalis,"Palm Desert, Riverside County",NA, California,USA,pop1,year1,split_pseudo,1338,Fig. 3,Incubation,Incubation duration,Incubation duration,days,Hatchling,0,mixed,NA,Const,36,0,-2000,2000,14,NA,10.465,47.44,1.499066376,2,1.499066376,SE,raw,28,1627.14,1627.2000.14,500,45.73,0.87,0.87,9,36,1250,1500
62,1627,Muth,1980,Squamata,Iguanidae,Dipsosaurus,dorsalis,Dipsosaurus_dorsalis,Dipsosaurus,dorsalis,"Palm Desert, Riverside County",NA, California,USA,pop1,year1,split_pseudo,1338,Fig. 3,Incubation,Incubation duration,Incubation duration,days,Hatchling,0,mixed,NA,Const,36,0,-2000,2000,14,NA,10.465,47.44,1.499066376,2,1.499066376,SE,raw,28,1627.14,1627.2000.14,50,44.55,1.71,1.71,36,36,1025,1950
63,1627,Muth,1980,Squamata,Iguanidae,Dipsosaurus,dorsalis,Dipsosaurus_dorsalis,Dipsosaurus,dorsalis,"Palm Desert, Riverside County",NA, California,USA,pop1,year1,split_pseudo,1338,Fig. 3,Incubation,Incubation duration,Incubation duration,days,Hatchling,0,mixed,NA,Const,36,0,-1500,1500,14,NA,10.465,46.69,2.00128084,5,2.00128084,SE,raw,29,1627.14,1627.1500.14,1000,43.81,1.032375901,1.032375901,8,36,1250,500
64,1627,Muth,1980,Squamata,Iguanidae,Dipsosaurus,dorsalis,Dipsosaurus_dorsalis,Dipsosaurus,dorsalis,"Palm Desert, Riverside County",NA, California,USA,pop1,year1,split_pseudo,1338,Fig. 3,Incubation,Incubation duration,Incubation duration,days,Hatchling,0,mixed,NA,Const,36,0,-1500,1500,14,NA,10.465,46.69,2.00128084,5,2.00128084,SE,raw,29,1627.14,1627.1500.14,500,45.73,0.87,0.87,9,36,1000,1000
65,1627,Muth,1980,Squamata,Iguanidae,Dipsosaurus,dorsalis,Dipsosaurus_dorsalis,Dipsosaurus,dorsalis,"Palm Desert, Riverside County",NA, California,USA,pop1,year1,split_pseudo,1338,Fig. 3,Incubation,Incubation duration,Incubation duration,days,Hatchling,0,mixed,NA,Const,36,0,-1500,1500,14,NA,10.465,46.69,2.00128084,5,2.00128084,SE,raw,29,1627.14,1627.1500.14,50,44.55,1.71,1.71,36,36,775,1450
66,1627,Muth,1980,Squamata,Iguanidae,Dipsosaurus,dorsalis,Dipsosaurus_dorsalis,Dipsosaurus,dorsalis,"Palm Desert, Riverside County",NA, California,USA,pop1,year1,split_pseudo,1338,Fig. 3,Incubation,Incubation duration,Incubation duration,days,Hatchling,0,mixed,NA,Const,36,0,-1000,1000,14,NA,10.465,43.81,1.032375901,8,1.032375901,SE,raw,35,1627.14,1627.1000.14,500,45.73,0.87,0.87,9,36,750,500
67,1627,Muth,1980,Squamata,Iguanidae,Dipsosaurus,dorsalis,Dipsosaurus_dorsalis,Dipsosaurus,dorsalis,"Palm Desert, Riverside County",NA, California,USA,pop1,year1,split_pseudo,1338,Fig. 3,Incubation,Incubation duration,Incubation duration,days,Hatchling,0,mixed,NA,Const,36,0,-1000,1000,14,NA,10.465,43.81,1.032375901,8,1.032375901,SE,raw,35,1627.14,1627.1000.14,50,44.55,1.71,1.71,36,36,525,950
68,1627,Muth,1980,Squamata,Iguanidae,Dipsosaurus,dorsalis,Dipsosaurus_dorsalis,Dipsosaurus,dorsalis,"Palm Desert, Riverside County",NA, California,USA,pop1,year1,split_pseudo,1338,Fig. 3,Incubation,Incubation duration,Incubation duration,days,Hatchling,0,mixed,NA,Const,36,0,-500,500,14,NA,10.465,45.73,0.87,9,0.87,SE,raw,42,1627.14,1627.500.14,50,44.55,1.71,1.71,36,36,275,450
69,1627,Muth,1980,Squamata,Iguanidae,Dipsosaurus,dorsalis,Dipsosaurus_dorsalis,Dipsosaurus,dorsalis,"Palm Desert, Riverside County",NA, California,USA,pop1,year1,split_pseudo,1338,Fig. 3,Incubation,Incubation duration,Incubation duration,days,Hatchling,0,mixed,NA,Const,38,0,-1000,1000,15,NA,10.465,43.84,2.34,9,2.34,SE,raw,36,1627.15,1627.1000.15,500,45.16,0.912784202,0.912784202,7,38,750,500
70,1627,Muth,1980,Squamata,Iguanidae,Dipsosaurus,dorsalis,Dipsosaurus_dorsalis,Dipsosaurus,dorsalis,"Palm Desert, Riverside County",NA, California,USA,pop1,year1,split_pseudo,1338,Fig. 3,Incubation,Incubation duration,Incubation duration,days,Hatchling,0,mixed,NA,Const,38,0,-1000,1000,15,NA,10.465,43.84,2.34,9,2.34,SE,raw,36,1627.15,1627.1000.15,100,44.99,0.806101731,0.806101731,8,38,550,900
71,1627,Muth,1980,Squamata,Iguanidae,Dipsosaurus,dorsalis,Dipsosaurus_dorsalis,Dipsosaurus,dorsalis,"Palm Desert, Riverside County",NA, California,USA,pop1,year1,split_pseudo,1338,Fig. 3,Incubation,Incubation duration,Incubation duration,days,Hatchling,0,mixed,NA,Const,38,0,-500,500,15,NA,10.465,45.16,0.912784202,7,0.912784202,SE,raw,40,1627.15,1627.500.15,100,44.99,0.806101731,0.806101731,8,38,300,400
72,1627,Muth,1980,Squamata,Iguanidae,Dipsosaurus,dorsalis,Dipsosaurus_dorsalis,Dipsosaurus,dorsalis,"Palm Desert, Riverside County",NA, California,USA,pop1,year1,split_pseudo,1338,Fig. 3,Incubation,Incubation duration,Incubation duration,days,Hatchling,0,mixed,NA,Const,40,0,-1000,1000,16,NA,10.465,45.1,1.00623059,5,1.00623059,SE,raw,32,1627.16,1627.1000.16,500,46.62,0.141421356,0.141421356,2,40,750,500
73,1627,Muth,1980,Squamata,Iguanidae,Dipsosaurus,dorsalis,Dipsosaurus_dorsalis,Dipsosaurus,dorsalis,"Palm Desert, Riverside County",NA, California,USA,pop1,year1,split_pseudo,1338,Fig. 3,Incubation,Incubation duration,Incubation duration,days,Hatchling,0,mixed,NA,Const,40,0,-1000,1000,16,NA,10.465,45.1,1.00623059,5,1.00623059,SE,raw,32,1627.16,1627.1000.16,100,48.72,0.173205081,0.173205081,3,40,550,900
74,1627,Muth,1980,Squamata,Iguanidae,Dipsosaurus,dorsalis,Dipsosaurus_dorsalis,Dipsosaurus,dorsalis,"Palm Desert, Riverside County",NA, California,USA,pop1,year1,split_pseudo,1338,Fig. 3,Incubation,Incubation duration,Incubation duration,days,Hatchling,0,mixed,NA,Const,40,0,-500,500,16,NA,10.465,46.62,0.141421356,2,0.141421356,SE,raw,37,1627.16,1627.500.16,100,48.72,0.173205081,0.173205081,3,40,300,400
75,1651,Verd神-Ricoy ,2014,Squamata,Lacertidae,Psammodromus ,algirus ,Psammodromus_algirus,Psammodromus,algirus,NA,Torrejoncillo,NA, Spain,pop4,2011,split_pseudo,187,Table 2,Incubation,Incubation duration,Incubation duration,days,Hatchling,0,mixed,NA,Const,24,0,10%,1500,25,-1500,0.4,79.4,1.897366596,10,1.897366596,SE,raw,14,1651.25,1651.1500.25,150,79.3,1.5,1.5,9,24,825,1350
76,1651,Verd神-Ricoy ,2014,Squamata,Lacertidae,Psammodromus ,algirus ,Psammodromus_algirus,Psammodromus,algirus,NA,Aranjuez,NA, Spain,pop3,2011,split_pseudo,187,Table 2,Incubation,Incubation duration,Incubation duration,days,Hatchling,0,mixed,NA,Const,24,0,10%,1500,26,-1500,0.4,81.8,1.989974874,11,1.989974874,SE,raw,14,1651.26,1651.1500.26,150,83.2,2.4,2.4,9,24,825,1350
77,1651,Verd神-Ricoy ,2014,Squamata,Lacertidae,Psammodromus ,algirus ,Psammodromus_algirus,Psammodromus,algirus,NA,El Pardo,NA, Spain,pop1,2011,split_pseudo,187,Table 2,Incubation,Incubation duration,Incubation duration,days,Hatchling,0,mixed,NA,Const,24,0,10%,1500,27,-1500,0.44,88.5,3.244996148,13,3.244996148,SE,raw,14,1651.27,1651.1500.27,150,85.1,2.163330765,2.163330765,13,24,825,1350
78,1651,Verd神-Ricoy ,2014,Squamata,Lacertidae,Psammodromus ,algirus ,Psammodromus_algirus,Psammodromus,algirus,NA,Navacerrada,NA, Spain,pop2,2011,split_pseudo,187,Table 2,Incubation,Incubation duration,Incubation duration,days,Hatchling,0,mixed,NA,Const,24,0,10%,1500,28,-1500,0.41,84.4,3.244996148,13,3.244996148,SE,raw,14,1651.28,1651.1500.28,150,88.9,2.711088342,2.711088342,15,24,825,1350
79,1651,Verd神-Ricoy ,2014,Squamata,Lacertidae,Psammodromus ,algirus ,Psammodromus_algirus,Psammodromus,algirus,NA,Aranjuez,NA, Spain,pop3,2011,split_pseudo,187,Table 2,Incubation,Incubation duration,Incubation duration,days,Hatchling,0,mixed,NA,Const,32,0,10%,1500,29,-1500,0.4,42.9,1.2,9,1.2,SE,raw,13,1651.29,1651.1500.29,150,42.7,0.9,0.9,9,32,825,1350
80,1651,Verd神-Ricoy ,2014,Squamata,Lacertidae,Psammodromus ,algirus ,Psammodromus_algirus,Psammodromus,algirus,NA,Torrejoncillo,NA, Spain,pop4,2011,split_pseudo,187,Table 2,Incubation,Incubation duration,Incubation duration,days,Hatchling,0,mixed,NA,Const,32,0,10%,1500,30,-1500,0.4,40.5,1.897366596,10,1.897366596,SE,raw,13,1651.3,1651.1500.30,150,40.9,0.632455532,0.632455532,10,32,825,1350
81,1651,Verd神-Ricoy ,2014,Squamata,Lacertidae,Psammodromus ,algirus ,Psammodromus_algirus,Psammodromus,algirus,NA,Navacerrada,NA, Spain,pop2,2011,split_pseudo,187,Table 2,Incubation,Incubation duration,Incubation duration,days,Hatchling,0,mixed,NA,Const,32,0,10%,1500,31,-1500,0.41,45.4,1.658312395,11,1.658312395,SE,raw,13,1651.31,1651.1500.31,150,48,0.994987437,0.994987437,11,32,825,1350
82,1651,Verd神-Ricoy ,2014,Squamata,Lacertidae,Psammodromus ,algirus ,Psammodromus_algirus,Psammodromus,algirus,NA,El Pardo,NA, Spain,pop1,2011,split_pseudo,187,Table 2,Incubation,Incubation duration,Incubation duration,days,Hatchling,0,mixed,NA,Const,32,0,10%,1500,32,-1500,0.44,47.9,2.4,16,2.4,SE,raw,13,1651.32,1651.1500.32,150,46.3,2.424871131,2.424871131,12,32,825,1350
83,1662,Zhang,2001,Squamata,Colubridae,Dinodon,rufozonatum,Lycodon_rufozonatus,Lycodon,rufozonatus,NA,NA,NA,China,NA,NA,other,37,Table 1,Incubation,Incubation duration,Incubation duration,days,Hatchling,0,mixed,NA,Const,24,0.6,-500,500,5,NA,5.12,76.1,1.438749457,23,1.438749457,SE,raw,10,1662.5,1662.500.5,0,75.8,1.6,1.6,16,24,250,500
84,1662,Zhang,2001,Squamata,Colubridae,Dinodon,rufozonatum,Lycodon_rufozonatus,Lycodon,rufozonatus,NA,NA,NA,China,NA,NA,other,37,Table 1,Incubation,Incubation duration,Incubation duration,days,Hatchling,0,mixed,NA,Const,30,0.6,-500,500,6,NA,5.05,46.5,0.871779789,19,0.871779789,SE,raw,9,1662.6,1662.500.6,0,46.2,0.774596669,0.774596669,15,30,250,500
85,1749,Hall,2021,Squamata,Dactyloidae,Anolis,sagrei,Anolis_sagrei,Anolis,sagrei,Guana Tolomato Matanzas National Estuarine Research Reserve,Palm Coast,Florida,USA,pop1,2021,Independent_pseudo,Supplementary Information,Table S1 (supplementary),Incubation,Incubation duration,Incubation duration,days,Hatchling,0,mixed,sand/shell substrate,Fluct,26.3,4.8,-117,117,3,NA,0.142,35.83,2.43,41,NA,SD,raw,17,1749.3,1749.117.3,100,34.92,1.93,NA,36,26.3,108.5,17
86,1749,Hall,2021,Squamata,Dactyloidae,Anolis,sagrei,Anolis_sagrei,Anolis,sagrei,Guana Tolomato Matanzas National Estuarine Research Reserve,Palm Coast,Florida,USA,pop1,2021,Independent_pseudo,Supplementary Information,Table S1 (supplementary),Incubation,Incubation duration,Incubation duration,days,Hatchling,0,mixed,sand/shell substrate,Fluct,26.3,4.8,-117,117,3,NA,0.142,35.83,2.43,41,NA,SD,raw,17,1749.3,1749.117.3,40,35.18,1.43,NA,45,26.3,78.5,77
87,1749,Hall,2021,Squamata,Dactyloidae,Anolis,sagrei,Anolis_sagrei,Anolis,sagrei,Guana Tolomato Matanzas National Estuarine Research Reserve,Palm Coast,Florida,USA,pop1,2021,Independent_pseudo,Supplementary Information,Table S1 (supplementary),Incubation,Incubation duration,Incubation duration,days,Hatchling,0,mixed,sand/shell substrate,Fluct,26.3,4.8,-117,117,3,NA,0.142,35.83,2.43,41,NA,SD,raw,17,1749.3,1749.117.3,33,36.12,1.85,NA,43,26.3,75,84
88,1749,Hall,2021,Squamata,Dactyloidae,Anolis,sagrei,Anolis_sagrei,Anolis,sagrei,Guana Tolomato Matanzas National Estuarine Research Reserve,Palm Coast,Florida,USA,pop1,2021,Independent_pseudo,Supplementary Information,Table S1 (supplementary),Incubation,Incubation duration,Incubation duration,days,Hatchling,0,mixed,sand/shell substrate,Fluct,26.3,4.8,-117,117,3,NA,0.142,35.83,2.43,41,NA,SD,raw,17,1749.3,1749.117.3,30,36.57,2.92,NA,35,26.3,73.5,87
89,1749,Hall,2021,Squamata,Dactyloidae,Anolis,sagrei,Anolis_sagrei,Anolis,sagrei,Guana Tolomato Matanzas National Estuarine Research Reserve,Palm Coast,Florida,USA,pop1,2021,Independent_pseudo,Supplementary Information,Table S1 (supplementary),Incubation,Incubation duration,Incubation duration,days,Hatchling,0,mixed,dark organic soil substrate,Fluct,26.3,4.8,-100,100,3,NA,0.142,34.92,1.93,36,NA,SD,raw,18,1749.3,1749.100.3,40,35.18,1.43,NA,45,26.3,70,60
90,1749,Hall,2021,Squamata,Dactyloidae,Anolis,sagrei,Anolis_sagrei,Anolis,sagrei,Guana Tolomato Matanzas National Estuarine Research Reserve,Palm Coast,Florida,USA,pop1,2021,Independent_pseudo,Supplementary Information,Table S1 (supplementary),Incubation,Incubation duration,Incubation duration,days,Hatchling,0,mixed,dark organic soil substrate,Fluct,26.3,4.8,-100,100,3,NA,0.142,34.92,1.93,36,NA,SD,raw,18,1749.3,1749.100.3,33,36.12,1.85,NA,43,26.3,66.5,67
91,1749,Hall,2021,Squamata,Dactyloidae,Anolis,sagrei,Anolis_sagrei,Anolis,sagrei,Guana Tolomato Matanzas National Estuarine Research Reserve,Palm Coast,Florida,USA,pop1,2021,Independent_pseudo,Supplementary Information,Table S1 (supplementary),Incubation,Incubation duration,Incubation duration,days,Hatchling,0,mixed,dark organic soil substrate,Fluct,26.3,4.8,-100,100,3,NA,0.142,34.92,1.93,36,NA,SD,raw,18,1749.3,1749.100.3,30,36.57,2.92,NA,35,26.3,65,70
92,1749,Hall,2021,Squamata,Dactyloidae,Anolis,sagrei,Anolis_sagrei,Anolis,sagrei,Guana Tolomato Matanzas National Estuarine Research Reserve,Palm Coast,Florida,USA,pop1,2021,Independent_pseudo,Supplementary Information,Table S1 (supplementary),Incubation,Incubation duration,Incubation duration,days,Hatchling,0,mixed,dark organic soil substrate,Fluct,26.3,4.8,-40,40,3,NA,0.142,35.18,1.43,45,NA,SD,raw,19,1749.3,1749.40.3,33,36.12,1.85,NA,43,26.3,36.5,7
93,1749,Hall,2021,Squamata,Dactyloidae,Anolis,sagrei,Anolis_sagrei,Anolis,sagrei,Guana Tolomato Matanzas National Estuarine Research Reserve,Palm Coast,Florida,USA,pop1,2021,Independent_pseudo,Supplementary Information,Table S1 (supplementary),Incubation,Incubation duration,Incubation duration,days,Hatchling,0,mixed,dark organic soil substrate,Fluct,26.3,4.8,-40,40,3,NA,0.142,35.18,1.43,45,NA,SD,raw,19,1749.3,1749.40.3,30,36.57,2.92,NA,35,26.3,35,10
94,1749,Hall,2021,Squamata,Dactyloidae,Anolis,sagrei,Anolis_sagrei,Anolis,sagrei,Guana Tolomato Matanzas National Estuarine Research Reserve,Palm Coast,Florida,USA,pop1,2021,Independent_pseudo,Supplementary Information,Table S1 (supplementary),Incubation,Incubation duration,Incubation duration,days,Hatchling,0,mixed,sand/shell substrate,Fluct,26.3,4.8,-33,33,3,NA,0.142,36.12,1.85,43,NA,SD,raw,20,1749.3,1749.33.3,30,36.57,2.92,NA,35,26.3,31.5,3
95,1750,Janzen,1993,Testudines,Cryptodira,Chelydra,serpentina,Chelydra_serpentina,Chelydra,serpentina,National Widlife Refuge,Whiteside County,Illinois,USA,pop1,1992,Split_pseudo,335,Table 1,Incubation,Incubation duration,Incubation duration,days,Hatchling,0,mixed,,Const,27.5,0,-950,950,5,NA,12.54,64.6,2.59,57,NA,SD,raw,9,1750.5,1750.950.5,150,66.8,2.81,NA,55,27.5,550,800
96,1751,Warner,2001,Squamata,Phrynosomatidae,Sceloporus,undulatus,Sceloporus_undulatus,Sceloporous,undulatus,Brush Mountain,Blacksburg,Virginia,USA,pop1,1999,Split_pseudo,113,Table 2,Incubation,Incubation duration,Incubation duration,days,Embryo,0,mixed,,Const,28,0,-530,530,5,NA,0.3785,50.3,0.458257569,21,0.458257569,SE,raw,7,1751.5,1751.530.5,150,50.5,0.458257569,0.458257569,21,28,340,380
97,1753,Wei,2021,Testudines,Geoemydidae,Mauremys,reevessii,Mauremys_reevesii,Mauremys,reevesii,Guangdong Lvca Industry Co.,Boluo,Guangdong,China,pop1,2017,other,5,Table 1,Incubation,Incubation duration,Incubation duration,days,Embryo,0,mixed,,Const,23,1,50%,300,39,-300,10.2,117.1,2.4,19,NA,SD,raw,NA,1753.39,1753.300.39,142,113.7,3.9,NA,22,23,221,158
98,1753,Wei,2021,Testudines,Geoemydidae,Mauremys,reevessii,Mauremys_reevesii,Mauremys,reevesii,Guangdong Lvca Industry Co.,Boluo,Guangdong,China,pop1,2017,other,5,Table 1,Incubation,Incubation duration,Incubation duration,days,Embryo,0,mixed,,Const,23,1,50%,300,39,-300,10.2,117.1,2.4,19,NA,SD,raw,NA,1753.39,1753.300.39,85,113.7,2.9,NA,18,23,192.5,215
99,1753,Wei,2021,Testudines,Geoemydidae,Mauremys,reevessii,Mauremys_reevesii,Mauremys,reevesii,Guangdong Lvca Industry Co.,Boluo,Guangdong,China,pop1,2017,other,5,Table 1,Incubation,Incubation duration,Incubation duration,days,Embryo,0,mixed,,Const,23,1,90%,142,39,-142,10.2,113.7,3.9,22,NA,SD,raw,NA,1753.39,1753.142.39,85,113.7,2.9,NA,18,23,113.5,57
100,1753,Wei,2021,Testudines,Geoemydidae,Mauremys,reevessii,Mauremys_reevesii,Mauremys,reevesii,Guangdong Lvca Industry Co.,Boluo,Guangdong,China,pop1,2017,other,5,Table 1,Incubation,Incubation duration,Incubation duration,days,Embryo,0,mixed,,Const,26,1,50%,300,40,-300,10.2,86.3,3.2,19,NA,SD,raw,NA,1753.4,1753.300.40,142,83.9,2.5,NA,16,26,221,158
101,1753,Wei,2021,Testudines,Geoemydidae,Mauremys,reevessii,Mauremys_reevesii,Mauremys,reevesii,Guangdong Lvca Industry Co.,Boluo,Guangdong,China,pop1,2017,other,5,Table 1,Incubation,Incubation duration,Incubation duration,days,Embryo,0,mixed,,Const,26,1,50%,300,40,-300,10.2,86.3,3.2,19,NA,SD,raw,NA,1753.4,1753.300.40,85,84.8,2.5,NA,23,26,192.5,215
102,1753,Wei,2021,Testudines,Geoemydidae,Mauremys,reevessii,Mauremys_reevesii,Mauremys,reevesii,Guangdong Lvca Industry Co.,Boluo,Guangdong,China,pop1,2017,other,5,Table 1,Incubation,Incubation duration,Incubation duration,days,Embryo,0,mixed,,Const,26,1,90%,142,40,-142,10.2,83.9,2.5,16,NA,SD,raw,NA,1753.4,1753.142.40,85,84.8,2.5,NA,23,26,113.5,57
103,1753,Wei,2021,Testudines,Geoemydidae,Mauremys,reevessii,Mauremys_reevesii,Mauremys,reevesii,Guangdong Lvca Industry Co.,Boluo,Guangdong,China,pop1,2017,other,5,Table 1,Incubation,Incubation duration,Incubation duration,days,Embryo,0,mixed,,Const,29,1,50%,300,41,-300,10.2,72.1,1.8,20,NA,SD,raw,NA,1753.41,1753.300.41,142,71.7,2.4,NA,27,29,221,158
104,1753,Wei,2021,Testudines,Geoemydidae,Mauremys,reevessii,Mauremys_reevesii,Mauremys,reevesii,Guangdong Lvca Industry Co.,Boluo,Guangdong,China,pop1,2017,other,5,Table 1,Incubation,Incubation duration,Incubation duration,days,Embryo,0,mixed,,Const,29,1,50%,300,41,-300,10.2,72.1,1.8,20,NA,SD,raw,NA,1753.41,1753.300.41,85,68.9,3.3,NA,30,29,192.5,215
105,1753,Wei,2021,Testudines,Geoemydidae,Mauremys,reevessii,Mauremys_reevesii,Mauremys,reevesii,Guangdong Lvca Industry Co.,Boluo,Guangdong,China,pop1,2017,other,5,Table 1,Incubation,Incubation duration,Incubation duration,days,Embryo,0,mixed,,Const,29,1,90%,142,41,-142,10.2,71.7,2.4,27,NA,SD,raw,NA,1753.41,1753.142.41,85,68.9,3.3,NA,30,29,113.5,57
106,1753,Wei,2021,Testudines,Geoemydidae,Mauremys,reevessii,Mauremys_reevesii,Mauremys,reevesii,Guangdong Lvca Industry Co.,Boluo,Guangdong,China,pop1,2017,other,5,Table 1,Incubation,Incubation duration,Incubation duration,days,Embryo,0,mixed,,Const,32,1,50%,300,42,-300,10.2,62.2,2.4,27,NA,SD,raw,NA,1753.42,1753.300.42,142,59.5,2.4,NA,26,32,221,158
107,1753,Wei,2021,Testudines,Geoemydidae,Mauremys,reevessii,Mauremys_reevesii,Mauremys,reevesii,Guangdong Lvca Industry Co.,Boluo,Guangdong,China,pop1,2017,other,5,Table 1,Incubation,Incubation duration,Incubation duration,days,Embryo,0,mixed,,Const,32,1,50%,300,42,-300,10.2,62.2,2.4,27,NA,SD,raw,NA,1753.42,1753.300.42,85,60,2.3,NA,23,32,192.5,215
108,1753,Wei,2021,Testudines,Geoemydidae,Mauremys,reevessii,Mauremys_reevesii,Mauremys,reevesii,Guangdong Lvca Industry Co.,Boluo,Guangdong,China,pop1,2017,other,5,Table 1,Incubation,Incubation duration,Incubation duration,days,Embryo,0,mixed,,Const,32,1,90%,142,42,-142,10.2,59.5,2.4,26,NA,SD,raw,NA,1753.42,1753.142.42,85,60,2.3,NA,23,32,113.5,57
109,1754,Wang,2021,Squamata,Lacertidae,Eremias ,argus,Eremias_argus,Eremias ,argus,NA,Jintai county,Gansu,China,pop1,2021,split_pseudo,347,Figure 3,Incubation,Incubation duration,Incubation duration,days,Embryo,0,mixed,"Mothers taken from different climates with differing moisture acclimations. Jintai origin = 19.6 degrees C, and -1053 kPa. Shi'erliancheng origin = 21.2 degrees C and -29kPa",Const,24,6,-700,700,5,NA,0.44,38.3,0.41,37,NA,SD,raw,NA,1754.5,1754.700.5,180,38,0.44,NA,37,24,440,520
110,1754,Wang,2021,Squamata,Lacertidae,Eremias ,argus,Eremias_argus,Eremias ,argus,Shi'erliancheng,Ordos City,Inner Mongolia,China,pop2,2021,split_pseudo,347,Figure 3,Incubation,Incubation duration,Incubation duration,days,Embryo,0,mixed,"Mothers taken from different climates with differing moisture acclimations. Jintai origin = 19.6 degrees C, and -1053 kPa. Shi'erliancheng origin = 21.2 degrees C and -29kPa",Const,24,6,-700,700,6,NA,0.44,39.1,0.7,38,NA,SD,raw,NA,1754.6,1754.700.6,180,38.3,0.73,NA,38,24,440,520
111,1755,Du,2008,Squamata,Scincidae,Lampropholis,guichenoti,Lampropholis_guichenoti,Lampropholis,guichenoti,NA,Sydney,New South Wales,Australia,pop1,2007,other,105,Text,Incubation Duration,Incubation duration,Incubation duration,days,Hatchling,0,mixed,,Const,25,0,-500,500,1,NA,0.16,42.4,0.8,17,NA,SD,raw,NA,1755.1,1755.500.1,200,42.7,0.6,NA,21,25,350,300
112,1755,Du,2008,Squamata,Scincidae,Lampropholis,guichenoti,Lampropholis_guichenoti,Lampropholis,guichenoti,NA,Sydney,New South Wales,Australia,pop1,2007,other,105,Text,Incubation Duration,Incubation duration,Incubation duration,days,Hatchling,0,mixed,,Const,25,0,-500,500,1,NA,0.16,42.4,0.8,17,NA,SD,raw,NA,1755.1,1755.500.1,12,41.9,1.3,NA,17,25,256,488
113,1755,Du,2008,Squamata,Scincidae,Lampropholis,guichenoti,Lampropholis_guichenoti,Lampropholis,guichenoti,NA,Sydney,New South Wales,Australia,pop1,2007,other,105,Text,Incubation Duration,Incubation duration,Incubation duration,days,Hatchling,0,mixed,,Const,25,0,-500,500,1,NA,0.16,42.4,0.8,17,NA,SD,raw,NA,1755.1,1755.500.1,0,42.2,0.8,NA,18,25,250,500
114,1755,Du,2008,Squamata,Scincidae,Lampropholis,guichenoti,Lampropholis_guichenoti,Lampropholis,guichenoti,NA,Sydney,New South Wales,Australia,pop1,2007,other,105,Text,Incubation Duration,Incubation duration,Incubation duration,days,Hatchling,0,mixed,,Const,25,0,-200,200,1,NA,0.16,42.7,0.6,21,NA,SD,raw,NA,1755.1,1755.200.1,12,41.9,1.3,NA,17,25,106,188
115,1755,Du,2008,Squamata,Scincidae,Lampropholis,guichenoti,Lampropholis_guichenoti,Lampropholis,guichenoti,NA,Sydney,New South Wales,Australia,pop1,2007,other,105,Text,Incubation Duration,Incubation duration,Incubation duration,days,Hatchling,0,mixed,,Const,25,0,-200,200,1,NA,0.16,42.7,0.6,21,NA,SD,raw,NA,1755.1,1755.200.1,0,42.2,0.8,NA,18,25,100,200
116,1755,Du,2008,Squamata,Scincidae,Lampropholis,guichenoti,Lampropholis_guichenoti,Lampropholis,guichenoti,NA,Sydney,New South Wales,Australia,pop1,2007,other,105,Text,Incubation Duration,Incubation duration,Incubation duration,days,Hatchling,0,mixed,,Const,25,0,-12,12,1,NA,0.16,41.9,1.3,17,NA,SD,raw,NA,1755.1,1755.12.1,0,42.2,0.8,NA,18,25,6,12
