paper_no,first_author_surname,pub_year,order,family,genus,species,genus_species,genus_timetree,species_timetree,specific_location_name,city,state_province,country,population,data_year,egg_design,source_page,source,trait_cat,trait,simp_trait,units,egg_embryo_hatchling,age,sex,other_factors,const_fluct,T,T_fluc,water_potential,waterpot,pairgrp,KPA_conversion,egg_mass_g,mean,sd,N,SE conversion,error_type,data_style,collapse,id,cor,waterpot.2,mean.2,sd.2,SE conversion.2,N.2,T.2,waterpot_diff,waterpot_mid
1000,Alberts,1997,Squamata,Iguanidae,Cyclura,nubila,Cyclura_nubila,Cyclura,nubila, Guantanamo Bay Naval Base, Guantanamo Bay,Guantanamo, Cuba,pop1,1993,split_pseudo,769,Table 1,Morphology,Snout-vent length,Snout-vent length,cm,Hatchling,0,mixed,NA,Const,28,0.2,-1100,1100,13,NA,72.9,9.98,0.848528137,8,0.848528137,SE,raw,23,1000.13,1000.1100.13,550,9.96,0.863249674,0.863249674,23,32,220,110
1000,Alberts,1997,Squamata,Iguanidae,Cyclura,nubila,Cyclura_nubila,Cyclura,nubila, Guantanamo Bay Naval Base, Guantanamo Bay,Guantanamo, Cuba,pop1,1993,split_pseudo,769,Table 1,Morphology,Snout-vent length,Snout-vent length,cm,Hatchling,0,mixed,NA,Const,28,0.2,-1100,1100,13,NA,72.9,9.98,0.848528137,8,0.848528137,SE,raw,23,1000.13,1000.1100.13,150,9.43,1.322875656,1.322875656,28,24,220,110
1000,Alberts,1997,Squamata,Iguanidae,Cyclura,nubila,Cyclura_nubila,Cyclura,nubila, Guantanamo Bay Naval Base, Guantanamo Bay,Guantanamo, Cuba,pop1,1993,split_pseudo,769,Table 1,Morphology,Snout-vent length,Snout-vent length,cm,Hatchling,0,mixed,NA,Const,28,0.2,-550,550,13,NA,75.5,9.96,0.509116882,8,0.509116882,SE,raw,25,1000.13,1000.550.13,150,9.43,1.322875656,1.322875656,28,26,220,110
1000,Alberts,1997,Squamata,Iguanidae,Cyclura,nubila,Cyclura_nubila,Cyclura,nubila, Guantanamo Bay Naval Base, Guantanamo Bay,Guantanamo, Cuba,pop1,1993,split_pseudo,769,Table 1,Morphology,Snout-vent length,Snout-vent length,cm,Hatchling,0,mixed,NA,Const,29.5,0.2,-1100,1100,14,NA,72.9,10.18,0.282842712,8,0.282842712,SE,raw,22,1000.14,1000.1100.14,550,9.82,1.049571341,1.049571341,34,30,220,110
1000,Alberts,1997,Squamata,Iguanidae,Cyclura,nubila,Cyclura_nubila,Cyclura,nubila, Guantanamo Bay Naval Base, Guantanamo Bay,Guantanamo, Cuba,pop1,1993,split_pseudo,769,Table 1,Morphology,Snout-vent length,Snout-vent length,cm,Hatchling,0,mixed,NA,Const,29.5,0.2,-1100,1100,14,NA,72.9,10.18,0.282842712,8,0.282842712,SE,raw,22,1000.14,1000.1100.14,150,10.04,0.815291359,0.815291359,23,32,220,110
1000,Alberts,1997,Squamata,Iguanidae,Cyclura,nubila,Cyclura_nubila,Cyclura,nubila, Guantanamo Bay Naval Base, Guantanamo Bay,Guantanamo, Cuba,pop1,1993,split_pseudo,769,Table 1,Morphology,Snout-vent length,Snout-vent length,cm,Hatchling,0,mixed,NA,Const,29.5,0.2,-550,550,14,NA,75.5,9.82,0.569209979,10,0.569209979,SE,raw,27,1000.14,1000.550.14,150,10.04,0.97657565,0.97657565,33,24,208,116
1000,Alberts,1997,Squamata,Iguanidae,Cyclura,nubila,Cyclura_nubila,Cyclura,nubila, Guantanamo Bay Naval Base, Guantanamo Bay,Guantanamo, Cuba,pop1,1993,split_pseudo,769,Table 1,Morphology,Snout-vent length,Snout-vent length,cm,Hatchling,0,mixed,NA,Const,31,0.2,-1100,1100,15,NA,72.9,9.6,1.29,9,1.29,SE,raw,24,1000.15,1000.1100.15,550,10.02,1.58391919,1.58391919,32,24,220,110
1000,Alberts,1997,Squamata,Iguanidae,Cyclura,nubila,Cyclura_nubila,Cyclura,nubila, Guantanamo Bay Naval Base, Guantanamo Bay,Guantanamo, Cuba,pop1,1993,split_pseudo,769,Table 1,Morphology,Snout-vent length,Snout-vent length,cm,Hatchling,0,mixed,NA,Const,31,0.2,-1100,1100,15,NA,72.9,9.6,1.29,9,1.29,SE,raw,24,1000.15,1000.1100.15,150,10.11,0.622253967,0.622253967,32,24,12,6
1000,Alberts,1997,Squamata,Iguanidae,Cyclura,nubila,Cyclura_nubila,Cyclura,nubila, Guantanamo Bay Naval Base, Guantanamo Bay,Guantanamo, Cuba,pop1,1993,split_pseudo,769,Table 1,Morphology,Snout-vent length,Snout-vent length,cm,Hatchling,0,mixed,NA,Const,31,0.2,-550,550,15,NA,75.5,10.02,0.84,9,0.84,SE,raw,26,1000.15,1000.550.15,150,10.11,0.592368129,0.592368129,29,26,220,110
1051,Brown,2006,Squamata,Colubridae,Tropidonophis,mairii,Tropidonophis_mairii,Tropidonophis,mairii,Fogg Dam Nature Reserve, Darwin, Northern Territory, Australia,pop1,year1,split_pseudo,164,raw data,Morphology,Snout-vent length,Snout-vent length,mm,Hatchling,1,mixed,NA,Fluct,25.4,11.2,50%,300,13,-300,2.8,14.35,1.329360749,8,1.329360749,SE,raw,26,1051.13,1051.300.13,135,15.21,1.175755077,1.175755077,24,26,208,116
1051,Brown,2006,Squamata,Colubridae,Tropidonophis,mairii,Tropidonophis_mairii,Tropidonophis,mairii,Fogg Dam Nature Reserve, Darwin, Northern Territory, Australia,pop1,year1,split_pseudo,164,raw data,Morphology,Snout-vent length,Snout-vent length,mm,Hatchling,1,mixed,NA,Fluct,27.9,11.6,50%,300,14,-300,2.8,12.56,1.103086579,8,1.103086579,SE,raw,25,1051.14,1051.300.14,135,14.54,1.023181313,1.023181313,29,26,12,6
1115,Diaz-Paniagua,2003,Squamata,Chamaeleonidae,Chamaeleo,chamaeleon,Chamaeleo_chamaeleon,Chamaeleo,chamaeleon,NA,NA,NA,Southern Spain,pop1,1998,split_pseudo,435,Fig. 3,Morphology,Snout-vent length,Snout-vent length,mm,Hatchling,0,mixed,NA,Const,25,0,-600,600,7,NA,1.35,33.59,8.868100135,48,8.868100135,SE,raw,14,1115.7,1115.600.7,150,33.72,2.38,2.38,4,28,220,110
1115,Diaz-Paniagua,2003,Squamata,Chamaeleonidae,Chamaeleo,chamaeleon,Chamaeleo_chamaeleon,Chamaeleo,chamaeleon,NA,NA,NA,Southern Spain,pop1,1998,split_pseudo,435,Fig. 3,Morphology,Snout-vent length,Snout-vent length,mm,Hatchling,0,mixed,NA,Const,29,0,-600,600,8,NA,1.35,31.33,9.75,25,9.75,SE,raw,13,1115.8,1115.600.8,150,32.87,5.439117575,5.439117575,10,28,208,116
1191,Guo,1994,Testudines,Geoemydidae,Mauremys,mutica,Mauremys_mutica,Mauremys,mutica,NA,NA,NA,China,pop1,NA,split_pseudo,218,Table 3,Morphology,Carapace length,Carapace length,mm,Hatchling,0,mixed,NA,Const,25,0,-300,300,7,NA,17.79,39.5,2.05,25,2.05,SE,raw,12,1191.7,1191.300.7,150,39.35,0.82,0.82,4,28,12,6
1191,Guo,1994,Testudines,Geoemydidae,Mauremys,mutica,Mauremys_mutica,Mauremys,mutica,NA,NA,NA,China,pop1,NA,split_pseudo,218,Table 3,Morphology,Carapace length,Carapace length,mm,Hatchling,0,mixed,NA,Const,25,0,-300,300,7,NA,17.79,39.5,2.05,25,2.05,SE,raw,12,1191.7,1191.300.7,12,38.81,1.6,1.6,16,26,180,530
1191,Guo,1994,Testudines,Geoemydidae,Mauremys,mutica,Mauremys_mutica,Mauremys,mutica,NA,NA,NA,China,pop1,NA,split_pseudo,218,Table 3,Morphology,Carapace length,Carapace length,mm,Hatchling,0,mixed,NA,Const,25,0,-150,150,7,NA,17.79,39.35,2.169516075,28,2.169516075,SE,raw,14,1191.7,1191.150.7,12,38.81,2.078460969,2.078460969,27,26,180,530
1191,Guo,1994,Testudines,Geoemydidae,Mauremys,mutica,Mauremys_mutica,Mauremys,mutica,NA,NA,NA,China,pop1,NA,split_pseudo,218,Table 3,Morphology,Carapace length,Carapace length,mm,Hatchling,0,females,NA,Const,29,0,-300,300,8,NA,17.79,39.04,1.390791142,23,1.390791142,SE,raw,11,1191.8,1191.300.8,150,39.31,1.089724736,1.089724736,19,30,180,530
1191,Guo,1994,Testudines,Geoemydidae,Mauremys,mutica,Mauremys_mutica,Mauremys,mutica,NA,NA,NA,China,pop1,NA,split_pseudo,218,Table 3,Morphology,Carapace length,Carapace length,mm,Hatchling,0,females,NA,Const,29,0,-300,300,8,NA,17.79,39.04,1.390791142,23,1.390791142,SE,raw,11,1191.8,1191.300.8,12,38.6,1.313316413,1.313316413,22,30,180,530
1191,Guo,1994,Testudines,Geoemydidae,Mauremys,mutica,Mauremys_mutica,Mauremys,mutica,NA,NA,NA,China,pop1,NA,split_pseudo,218,Table 3,Morphology,Carapace length,Carapace length,mm,Hatchling,0,females,NA,Const,29,0,-150,150,8,NA,17.79,39.31,1.346291202,29,1.346291202,SE,raw,15,1191.8,1191.150.8,12,38.6,0.56,0.56,4,34,180,530
1191,Guo,1994,Testudines,Geoemydidae,Mauremys,mutica,Mauremys_mutica,Mauremys,mutica,NA,NA,NA,China,pop1,NA,split_pseudo,218,Table 3,Morphology,Carapace length,Carapace length,mm,Hatchling,0,females,NA,Const,33,0,-300,300,9,NA,17.79,36.42,3.21,9,3.21,SE,raw,10,1191.9,1191.300.9,150,37.43,3.133560275,3.133560275,17,34,180,530
1191,Guo,1994,Testudines,Geoemydidae,Mauremys,mutica,Mauremys_mutica,Mauremys,mutica,NA,NA,NA,China,pop1,NA,split_pseudo,218,Table 3,Morphology,Carapace length,Carapace length,mm,Hatchling,0,females,NA,Const,33,0,-300,300,9,NA,17.79,36.42,3.21,9,3.21,SE,raw,10,1191.9,1191.300.9,12,36.12,1.574664409,1.574664409,9.17,26,300,300
1191,Guo,1994,Testudines,Geoemydidae,Mauremys,mutica,Mauremys_mutica,Mauremys,mutica,NA,NA,NA,China,pop1,NA,split_pseudo,218,Table 3,Morphology,Carapace length,Carapace length,mm,Hatchling,0,females,NA,Const,33,0,-150,150,9,NA,17.79,37.43,2.010770996,7,2.010770996,SE,raw,13,1191.9,1191.150.9,12,36.12,1.574664409,1.574664409,9.17,28,300,300
1191,Guo,1994,Testudines,Geoemydidae,Mauremys,mutica,Mauremys_mutica,Mauremys,mutica,NA,NA,NA,China,pop1,NA,split_pseudo,218,Table 3,Morphology,Plastron length,Plastron length,mm,Hatchling,0,mixed,NA,Const,25,0,-300,300,28,NA,17.79,33.91,1.95,25,1.95,SE,raw,57,1191.28,1191.300.28,150,33.81,1.090152283,1.090152283,9.17,30,300,300
1191,Guo,1994,Testudines,Geoemydidae,Mauremys,mutica,Mauremys_mutica,Mauremys,mutica,NA,NA,NA,China,pop1,NA,split_pseudo,218,Table 3,Morphology,Plastron length,Plastron length,mm,Hatchling,0,mixed,NA,Const,25,0,-300,300,28,NA,17.79,33.91,1.95,25,1.95,SE,raw,57,1191.28,1191.300.28,12,32.48,3.712856044,3.712856044,53,24,220,110
1191,Guo,1994,Testudines,Geoemydidae,Mauremys,mutica,Mauremys_mutica,Mauremys,mutica,NA,NA,NA,China,pop1,NA,split_pseudo,218,Table 3,Morphology,Plastron length,Plastron length,mm,Hatchling,0,mixed,NA,Const,25,0,-150,150,28,NA,17.79,33.81,1.904940944,28,1.904940944,SE,raw,59,1191.28,1191.150.28,12,32.48,4.143259586,4.143259586,66,26,220,110
1191,Guo,1994,Testudines,Geoemydidae,Mauremys,mutica,Mauremys_mutica,Mauremys,mutica,NA,NA,NA,China,pop1,NA,split_pseudo,218,Table 3,Morphology,Plastron length,Plastron length,mm,Hatchling,0,females,NA,Const,29,0,-300,300,29,NA,17.79,32.58,1.438749457,23,1.438749457,SE,raw,56,1191.29,1191.300.29,150,32.24,1.71391365,1.71391365,47,30,220,110
1191,Guo,1994,Testudines,Geoemydidae,Mauremys,mutica,Mauremys_mutica,Mauremys,mutica,NA,NA,NA,China,pop1,NA,split_pseudo,218,Table 3,Morphology,Plastron length,Plastron length,mm,Hatchling,0,females,NA,Const,29,0,-300,300,29,NA,17.79,32.58,1.438749457,23,1.438749457,SE,raw,56,1191.29,1191.300.29,12,31.37,1.928211607,1.928211607,55,32,220,110
1191,Guo,1994,Testudines,Geoemydidae,Mauremys,mutica,Mauremys_mutica,Mauremys,mutica,NA,NA,NA,China,pop1,NA,split_pseudo,218,Table 3,Morphology,Plastron length,Plastron length,mm,Hatchling,0,females,NA,Const,29,0,-150,150,29,NA,17.79,32.24,1.346291202,29,1.346291202,SE,raw,60,1191.29,1191.150.29,12,31.37,0.90066642,0.90066642,12,29,700,500
1191,Guo,1994,Testudines,Geoemydidae,Mauremys,mutica,Mauremys_mutica,Mauremys,mutica,NA,NA,NA,China,pop1,NA,split_pseudo,218,Table 3,Morphology,Plastron length,Plastron length,mm,Hatchling,0,females,NA,Const,33,0,-300,300,30,NA,17.79,32.04,1.56,9,1.56,SE,raw,55,1191.3,1191.300.30,150,31.64,1.454922678,1.454922678,12,29,700,500
1191,Guo,1994,Testudines,Geoemydidae,Mauremys,mutica,Mauremys_mutica,Mauremys,mutica,NA,NA,NA,China,pop1,NA,split_pseudo,218,Table 3,Morphology,Plastron length,Plastron length,mm,Hatchling,0,females,NA,Const,33,0,-300,300,30,NA,17.79,32.04,1.56,9,1.56,SE,raw,55,1191.3,1191.300.30,12,30.26,8.27920286,8.27920286,12,29,700,500
1191,Guo,1994,Testudines,Geoemydidae,Mauremys,mutica,Mauremys_mutica,Mauremys,mutica,NA,NA,NA,China,pop1,NA,split_pseudo,218,Table 3,Morphology,Plastron length,Plastron length,mm,Hatchling,0,females,NA,Const,33,0,-150,150,30,NA,17.79,31.64,1.111215551,7,1.111215551,SE,raw,58,1191.3,1191.150.30,12,30.26,8.27920286,8.27920286,12,29,700,500
1194,Hare,2004,Squamata,Scincidae,Oligosoma,suteri,Oligosoma_suteri,Oligosoma,suteri,"Green Island, Coromandel Peninsula",NA,NA, New Zealand,pop1,year1,split_pseudo,387,Table 3,Morphology,Snout-vent length,Snout-vent length,mm,Hatchling,365,mixed,NA,Const,18,0.6,-270,270,16,NA,0.974,40.18,5.406098408,11,5.406098408,SE,raw,13,1194.16,1194.270.16,120,43.11,2.6,2.6,4,24,1350,825
1194,Hare,2004,Squamata,Scincidae,Oligosoma,suteri,Oligosoma_suteri,Oligosoma,suteri,"Green Island, Coromandel Peninsula",NA,NA, New Zealand,pop1,year1,split_pseudo,386,Table 2,Morphology,Snout-vent length,Snout-vent length,mm,Hatchling,0,mixed,NA,Const,18,0.6,-270,270,17,NA,0.974,33.26,3.832140394,37,3.832140394,SE,raw,13,1194.17,1194.270.17,120,34.65,1.498165545,1.498165545,5,24,1350,825
1194,Hare,2004,Squamata,Scincidae,Oligosoma,suteri,Oligosoma_suteri,Oligosoma,suteri,"Green Island, Coromandel Peninsula",NA,NA, New Zealand,pop1,year1,split_pseudo,387,Table 3,Morphology,Snout-vent length,Snout-vent length,mm,Hatchling,365,mixed,NA,Const,22,0.6,-270,270,18,NA,0.974,47.09,8.452407941,48,8.452407941,SE,raw,15,1194.18,1194.270.18,120,53.08,4.02,4.02,9,24,1350,825
1194,Hare,2004,Squamata,Scincidae,Oligosoma,suteri,Oligosoma_suteri,Oligosoma,suteri,"Green Island, Coromandel Peninsula",NA,NA, New Zealand,pop1,year1,split_pseudo,386,Table 2,Morphology,Snout-vent length,Snout-vent length,mm,Hatchling,0,mixed,NA,Const,22,0.6,-270,270,19,NA,0.974,34.51,4.171930009,50,4.171930009,SE,raw,15,1194.19,1194.270.19,120,35.41,2.07,2.07,9,24,1350,825
1194,Hare,2004,Squamata,Scincidae,Oligosoma,suteri,Oligosoma_suteri,Oligosoma,suteri,"Green Island, Coromandel Peninsula",NA,NA, New Zealand,pop1,year1,split_pseudo,387,Table 3,Morphology,Snout-vent length,Snout-vent length,mm,Hatchling,365,mixed,NA,Const,26,0.6,-270,270,20,NA,0.974,48.55,7.746889698,47,7.746889698,SE,raw,14,1194.2,1194.270.20,120,51.33,3.225523213,3.225523213,10,24,1350,825
1194,Hare,2004,Squamata,Scincidae,Oligosoma,suteri,Oligosoma_suteri,Oligosoma,suteri,"Green Island, Coromandel Peninsula",NA,NA, New Zealand,pop1,year1,split_pseudo,386,Table 2,Morphology,Snout-vent length,Snout-vent length,mm,Hatchling,0,mixed,NA,Const,26,0.6,-270,270,21,NA,0.974,34.06,4.27,49,4.27,SE,raw,14,1194.21,1194.270.21,120,35.04,1.766720125,1.766720125,13,24,1350,825
1194,Hare,2004,Squamata,Scincidae,Oligosoma,suteri,Oligosoma_suteri,Oligosoma,suteri,"Green Island, Coromandel Peninsula",NA,NA, New Zealand,pop1,year1,split_pseudo,387,Table 3,Morphology,Total length,Total length,mm,Hatchling,365,mixed,NA,Const,18,0.6,-270,270,28,NA,0.974,87.51,15.91979899,11,15.91979899,SE,raw,25,1194.28,1194.270.28,120,96.33,14.29313122,14.29313122,14,24,1350,825
1194,Hare,2004,Squamata,Scincidae,Oligosoma,suteri,Oligosoma_suteri,Oligosoma,suteri,"Green Island, Coromandel Peninsula",NA,NA, New Zealand,pop1,year1,split_pseudo,386,Table 2,Morphology,Total length,Total length,mm,Hatchling,0,mixed,NA,Const,18,0.6,-270,270,29,NA,0.974,72.64,11.37476593,37,11.37476593,SE,raw,25,1194.29,1194.270.29,120,74.68,7.668507025,7.668507025,15,24,1350,825
1194,Hare,2004,Squamata,Scincidae,Oligosoma,suteri,Oligosoma_suteri,Oligosoma,suteri,"Green Island, Coromandel Peninsula",NA,NA, New Zealand,pop1,year1,split_pseudo,387,Table 3,Morphology,Total length,Total length,mm,Hatchling,365,mixed,NA,Const,22,0.6,-270,270,30,NA,0.974,102.57,24.94153163,48,24.94153163,SE,raw,27,1194.3,1194.270.30,120,121.04,11.20057141,11.20057141,8,32,1350,825
1194,Hare,2004,Squamata,Scincidae,Oligosoma,suteri,Oligosoma_suteri,Oligosoma,suteri,"Green Island, Coromandel Peninsula",NA,NA, New Zealand,pop1,year1,split_pseudo,386,Table 2,Morphology,Total length,Total length,mm,Hatchling,0,mixed,NA,Const,22,0.6,-270,270,31,NA,0.974,76.89,12.51579003,50,12.51579003,SE,raw,27,1194.31,1194.270.31,120,78.37,6.18,6.18,9,32,1350,825
1194,Hare,2004,Squamata,Scincidae,Oligosoma,suteri,Oligosoma_suteri,Oligosoma,suteri,"Green Island, Coromandel Peninsula",NA,NA, New Zealand,pop1,year1,split_pseudo,387,Table 3,Morphology,Total length,Total length,mm,Hatchling,365,mixed,NA,Const,26,0.6,-270,270,32,NA,0.974,106.62,22.89788637,47,22.89788637,SE,raw,26,1194.32,1194.270.32,120,114.43,9,9,9,32,1350,825
1194,Hare,2004,Squamata,Scincidae,Oligosoma,suteri,Oligosoma_suteri,Oligosoma,suteri,"Green Island, Coromandel Peninsula",NA,NA, New Zealand,pop1,year1,split_pseudo,386,Table 2,Morphology,Total length,Total length,mm,Hatchling,0,mixed,NA,Const,26,0.6,-270,270,33,NA,0.974,75.61,12.67,49,12.67,SE,raw,26,1194.33,1194.270.33,120,79.84,4.616925384,4.616925384,10,32,1350,825
1229,Ji,1999,Squamata,Lacertidae,Podarcis,muralis,Podarcis_muralis,Podarcis,muralis,NA,NA, Oviedo,Spain,pop1,1996,other,208,Table 3,Morphology,Snout-vent length,Snout-vent length,mm,Hatchling,0,mixed,NA,Const,29,0.6,-220,220,38,NA,0.32,25.5,0.435889894,19,0.435889894,SE,adj,95,1229.38,1229.220.38,12,25.7,0.331662479,0.331662479,11,32,1350,825
1229,Ji,1999,Squamata,Lacertidae,Podarcis,muralis,Podarcis_muralis,Podarcis,muralis,NA,NA, Oviedo,Spain,pop1,1996,other,208,Table 3,Morphology,Snout-vent length,Snout-vent length,mm,Hatchling,0,mixed,NA,Const,29,0.6,-220,220,38,NA,0.32,25.5,0.435889894,19,0.435889894,SE,adj,95,1229.38,1229.220.38,0,25.3,0.663324958,0.663324958,11,32,1350,825
1229,Ji,1999,Squamata,Lacertidae,Podarcis,muralis,Podarcis_muralis,Podarcis,muralis,NA,NA, Oviedo,Spain,pop1,1996,other,208,Table 3,Morphology,Snout-vent length,Snout-vent length,mm,Hatchling,0,mixed,NA,Const,29,0.6,-12,12,38,NA,0.32,25.7,0.7,49,0.7,SE,adj,98,1229.38,1229.12.38,0,25.3,0.663324958,0.663324958,11,32,1350,825
1229,Ji,1999,Squamata,Lacertidae,Podarcis,muralis,Podarcis_muralis,Podarcis,muralis,NA,NA, Oviedo,Spain,pop1,1996,other,208,Table 3,Morphology,Snout-vent length,Snout-vent length,mm,Hatchling,0,mixed,NA,Const,32,0.6,-220,220,39,NA,0.32,25.2,0.848528137,8,0.848528137,SE,adj,94,1229.39,1229.220.39,12,25.5,0.692820323,0.692820323,12,32,1350,825
1229,Ji,1999,Squamata,Lacertidae,Podarcis,muralis,Podarcis_muralis,Podarcis,muralis,NA,NA, Oviedo,Spain,pop1,1996,other,208,Table 3,Morphology,Snout-vent length,Snout-vent length,mm,Hatchling,0,mixed,NA,Const,32,0.6,-220,220,39,NA,0.32,25.2,0.848528137,8,0.848528137,SE,adj,94,1229.39,1229.220.39,0,24.9,0.894427191,0.894427191,20,28,25,12.5
1229,Ji,1999,Squamata,Lacertidae,Podarcis,muralis,Podarcis_muralis,Podarcis,muralis,NA,NA, Oviedo,Spain,pop1,1996,other,208,Table 3,Morphology,Snout-vent length,Snout-vent length,mm,Hatchling,0,mixed,NA,Const,32,0.6,-12,12,39,NA,0.32,25.5,1.2,36,1.2,SE,adj,96,1229.39,1229.12.39,0,24.9,0.894427191,0.894427191,20,28,25,12.5
1231,Ji,2001,Squamata,Elapidae,Naja,atra,Naja_atra,Naja,atra,Captive bred, Yiwu and Jiande, Zhejiang, China,pop1,1998,split_pseudo,189,Table 2,Morphology,Snout-vent length,Snout-vent length,cm,Hatchling,0,mixed,NA,Const,24,0.6,-220,220,37,NA,16.1,25.8,1.385640646,12,1.385640646,SE,raw,57,1231.37,1231.220.37,0,25.5,5.656854249,5.656854249,32,29,25,12.5
1231,Ji,2001,Squamata,Elapidae,Naja,atra,Naja_atra,Naja,atra,Captive bred, Yiwu and Jiande, Zhejiang, China,pop1,1998,split_pseudo,189,Table 2,Morphology,Snout-vent length,Snout-vent length,cm,Hatchling,0,mixed,NA,Const,26,0.6,-220,220,38,NA,16.1,26.9,1.039230485,27,1.039230485,SE,raw,58,1231.38,1231.220.38,0,27,1.216552506,1.216552506,37,29,25,12.5
1231,Ji,2001,Squamata,Elapidae,Naja,atra,Naja_atra,Naja,atra,Captive bred, Yiwu and Jiande, Zhejiang, China,pop1,1998,split_pseudo,189,Table 2,Morphology,Snout-vent length,Snout-vent length,cm,Hatchling,0,mixed,NA,Const,30,0.6,-220,220,39,NA,16.1,27.1,1.095445115,30,1.095445115,SE,raw,60,1231.39,1231.220.39,0,27.2,1.428285686,1.428285686,51,29,25,12.5
1231,Ji,2001,Squamata,Elapidae,Naja,atra,Naja_atra,Naja,atra,Captive bred, Yiwu and Jiande, Zhejiang, China,pop1,1998,split_pseudo,189,Table 2,Morphology,Snout-vent length,Snout-vent length,cm,Hatchling,0,mixed,NA,Const,32,0.6,-220,220,40,NA,16.1,25.8,1.058300524,28,1.058300524,SE,raw,59,1231.4,1231.220.40,0,25.7,2.163330765,2.163330765,52,29,25,12.5
1232,Ji,2001,Squamata,Colubridae,Elaphe,carinata,Elaphe_carinata,Elaphe,carinata,NA,Lishui and Jiande, Zhejiang, China,pop1,1998,split_pseudo,466,Table 2,Morphology,Snout-vent length,Snout-vent length,mm,Hatchling,0,mixed,NA,Const,24,0.6,-220,220,84,NA,28.1,370.4,24.49489743,24,24.49489743,SE,raw,68,1232.84,1232.220.84,0,361.9,34.2,34.2,36,26.9,918,461
1232,Ji,2001,Squamata,Colubridae,Elaphe,carinata,Elaphe_carinata,Elaphe,carinata,NA,Lishui and Jiande, Zhejiang, China,pop1,1998,split_pseudo,466,Table 2,Morphology,Snout-vent length,Snout-vent length,mm,Hatchling,0,mixed,NA,Const,26,0.6,-220,220,85,NA,28.3,378.5,27.49545417,21,27.49545417,SE,raw,65,1232.85,1232.220.85,0,374.4,29.45437149,29.45437149,41,26.3,17,108.5
1232,Ji,2001,Squamata,Colubridae,Elaphe,carinata,Elaphe_carinata,Elaphe,carinata,NA,Lishui and Jiande, Zhejiang, China,pop1,1998,split_pseudo,466,Table 2,Morphology,Snout-vent length,Snout-vent length,mm,Hatchling,0,mixed,NA,Const,30,0.6,-220,220,86,NA,26.8,360.4,23.97915762,23,23.97915762,SE,raw,66,1232.86,1232.220.86,0,373.8,34.09868033,34.09868033,43,26.3,77,78.5
1232,Ji,2001,Squamata,Colubridae,Elaphe,carinata,Elaphe_carinata,Elaphe,carinata,NA,Lishui and Jiande, Zhejiang, China,pop1,1998,split_pseudo,466,Table 2,Morphology,Snout-vent length,Snout-vent length,mm,Hatchling,0,mixed,NA,Const,32,0.6,-220,220,87,NA,28,344.4,24.93832392,23,24.93832392,SE,raw,67,1232.87,1232.220.87,0,355.2,30.17200689,30.17200689,35,26.3,84,75
1270,Lin,1998,Squamata,Lacertidae,Takydromus,septentrionalis,Takydromus_septentrionalis,Takydromus,septentrionalis,NA,NA,NA,NA,pop1,1996,other,443,Table 3,Morphology,Body length,Body length,mm,Hatchling,0,mixed,NA,Const,24,0,-220,220,1,NA,0.2464,24.1,1.113552873,31,1.113552873,SE,adj,2,1270.1,1270.220.1,12,23.9,1.326649916,1.326649916,44,26.3,87,73.5
1270,Lin,1998,Squamata,Lacertidae,Takydromus,septentrionalis,Takydromus_septentrionalis,Takydromus,septentrionalis,NA,NA,NA,NA,pop1,1996,other,443,Table 3,Morphology,Body length,Body length,mm,Hatchling,0,mixed,NA,Const,24,0,-220,220,1,NA,0.2464,24.1,1.113552873,31,1.113552873,SE,adj,2,1270.1,1270.220.1,0,24,1.967231557,1.967231557,43,26.3,60,70
1270,Lin,1998,Squamata,Lacertidae,Takydromus,septentrionalis,Takydromus_septentrionalis,Takydromus,septentrionalis,NA,NA,NA,NA,pop1,1996,other,443,Table 3,Morphology,Body length,Body length,mm,Hatchling,0,mixed,NA,Const,24,0,-12,12,1,NA,0.2464,23.9,1.148912529,33,1.148912529,SE,adj,8,1270.1,1270.12.1,0,24,1.774823935,1.774823935,35,26.3,67,66.5
1270,Lin,1998,Squamata,Lacertidae,Takydromus,septentrionalis,Takydromus_septentrionalis,Takydromus,septentrionalis,NA,NA,NA,NA,pop1,1996,other,443,Table 3,Morphology,Body length,Body length,mm,Hatchling,0,mixed,NA,Const,26,0,-220,220,2,NA,0.2464,24.8,1.113552873,31,1.113552873,SE,adj,3,1270.2,1270.220.2,0,24.8,1.326649916,1.326649916,44,26.3,70,65
1270,Lin,1998,Squamata,Lacertidae,Takydromus,septentrionalis,Takydromus_septentrionalis,Takydromus,septentrionalis,NA,NA,NA,NA,pop1,1996,other,443,Table 3,Morphology,Body length,Body length,mm,Hatchling,0,mixed,NA,Const,26,0,-220,220,2,NA,0.2464,24.8,1.113552873,31,1.113552873,SE,adj,3,1270.2,1270.220.2,12,24.8,1.183215957,1.183215957,35,26.3,7,36.5
1270,Lin,1998,Squamata,Lacertidae,Takydromus,septentrionalis,Takydromus_septentrionalis,Takydromus,septentrionalis,NA,NA,NA,NA,pop1,1996,other,443,Table 3,Morphology,Body length,Body length,mm,Hatchling,0,mixed,NA,Const,26,0,-12,12,2,NA,0.2464,24.8,0.979795897,24,0.979795897,SE,adj,7,1270.2,1270.12.2,0,24.8,1.326649916,1.326649916,44,26.3,10,35
1270,Lin,1998,Squamata,Lacertidae,Takydromus,septentrionalis,Takydromus_septentrionalis,Takydromus,septentrionalis,NA,NA,NA,NA,pop1,1996,other,443,Table 3,Morphology,Body length,Body length,mm,Hatchling,0,mixed,NA,Const,28,0,-220,220,3,NA,0.2464,23,1.414213562,8,1.414213562,SE,adj,1,1270.3,1270.220.3,0,23,2.653299832,2.653299832,44,26.3,3,31.5
1270,Lin,1998,Squamata,Lacertidae,Takydromus,septentrionalis,Takydromus_septentrionalis,Takydromus,septentrionalis,NA,NA,NA,NA,pop1,1996,other,443,Table 3,Morphology,Body length,Body length,mm,Hatchling,0,mixed,NA,Const,28,0,-220,220,3,NA,0.2464,23,1.414213562,8,1.414213562,SE,adj,1,1270.3,1270.220.3,12,22.5,2.966479395,2.966479395,55,27.5,800,550
1270,Lin,1998,Squamata,Lacertidae,Takydromus,septentrionalis,Takydromus_septentrionalis,Takydromus,septentrionalis,NA,NA,NA,NA,pop1,1996,other,443,Table 3,Morphology,Body length,Body length,mm,Hatchling,0,mixed,NA,Const,28,0,-12,12,3,NA,0.2464,22.5,1.264911064,10,1.264911064,SE,adj,5,1270.3,1270.12.3,0,23,2.966479395,2.966479395,55,27.5,800,550
1460,Tang,2012,Squamata,Agamidae,Phrynocephalus,versicolor,Phrynocephalus_versicolor,Phrynocephalus,versicolor,NA,Linze, Gansu, China,pop2,2011,split_clutch,187,Table 2,Morphology,Snout-vent length,Snout-vent length,mm,Hatchling,0,mixed,NA,Const,26,0.4,-620,620,55,NA,0.51,25.17,1.591979899,11,1.591979899,SE,raw,56,1460.55,1460.620.55,440,26.67,1.512249979,1.512249979,21,28,380,340
1460,Tang,2012,Squamata,Agamidae,Phrynocephalus,przewalskii,Phrynocephalus_przewalskii,Phrynocephalus,przewalskii,NA,Jingtai, Gansu, China,pop1,2011,split_clutch,187,Table 2,Morphology,Snout-vent length,Snout-vent length,mm,Hatchling,0,mixed,NA,Const,26,0.4,-620,620,56,NA,0.505,25.98,1.631686244,26,1.631686244,SE,raw,56,1460.56,1460.620.56,440,24.65,1.466424222,1.466424222,21,28,380,340
1460,Tang,2012,Squamata,Agamidae,Phrynocephalus,versicolor,Phrynocephalus_versicolor,Phrynocephalus,versicolor,NA,Linze, Gansu, China,pop2,2011,split_clutch,187,Table 2,Morphology,Snout-vent length,Snout-vent length,mm,Hatchling,0,mixed,NA,Const,30,0.4,-620,620,57,NA,0.51,25.93,0.935414347,14,0.935414347,SE,raw,57,1460.57,1460.620.57,440,27.18,1.187939392,1.187939392,18,23,158,221
1460,Tang,2012,Squamata,Agamidae,Phrynocephalus,przewalskii,Phrynocephalus_przewalskii,Phrynocephalus,przewalskii,NA,Jingtai, Gansu, China,pop1,2011,split_clutch,187,Table 2,Morphology,Snout-vent length,Snout-vent length,mm,Hatchling,0,mixed,NA,Const,30,0.4,-620,620,58,NA,0.505,25.68,1.296919427,20,1.296919427,SE,raw,57,1460.58,1460.620.58,440,25.91,0.721110255,0.721110255,13,23,215,192.5
1460,Tang,2012,Squamata,Agamidae,Phrynocephalus,versicolor,Phrynocephalus_versicolor,Phrynocephalus,versicolor,NA,Linze, Gansu, China,pop2,2011,split_clutch,187,Table 2,Morphology,Snout-vent length,Snout-vent length,mm,Hatchling,0,mixed,NA,Const,34,0.4,-620,620,59,NA,0.51,24.61,1.272792206,8,1.272792206,SE,raw,55,1460.59,1460.620.59,440,25.88,1.550387048,1.550387048,13,23,57,113.5
1460,Tang,2012,Squamata,Agamidae,Phrynocephalus,przewalskii,Phrynocephalus_przewalskii,Phrynocephalus,przewalskii,NA,Jingtai, Gansu, China,pop1,2011,split_clutch,187,Table 2,Morphology,Snout-vent length,Snout-vent length,mm,Hatchling,0,mixed,NA,Const,34,0.4,-620,620,60,NA,0.505,25.51,1.68,16,1.68,SE,raw,55,1460.6,1460.620.60,440,25.26,1.272163512,1.272163512,14,26,158,221
1501,Warner,2012,Squamata,Dactyloidae,Anolis,sagrei,Anolis_sagrei,Anolis,sagrei,Captive colony, Ormond Beach, Florida,USA,pop1,2008,split_pseudo,36,Fig. 6,Morphology,Snout-vent length,Snout-vent length,mm,Hatchling,0,mixed,NA,Const,26,0,-450,450,7,NA,0.142,18.5,0.605640157,9.17,0.605640157,SE,raw,7,1501.7,1501.450.7,150,18.4,0.938083152,0.938083152,22,26,215,192.5
1501,Warner,2012,Squamata,Dactyloidae,Anolis,sagrei,Anolis_sagrei,Anolis,sagrei,Captive colony, Ormond Beach, Florida,USA,pop1,2008,split_pseudo,36,Fig. 6,Morphology,Snout-vent length,Snout-vent length,mm,Hatchling,0,mixed,NA,Const,28,0,-450,450,8,NA,0.142,18.3,0.605640157,9.17,0.605640157,SE,raw,8,1501.8,1501.450.8,150,18.6,0.938083152,0.938083152,22,26,57,113.5
1501,Warner,2012,Squamata,Dactyloidae,Anolis,sagrei,Anolis_sagrei,Anolis,sagrei,Captive colony, Ormond Beach, Florida,USA,pop1,2008,split_pseudo,36,Fig. 6,Morphology,Snout-vent length,Snout-vent length,mm,Hatchling,0,mixed,NA,Const,30,0,-450,450,9,NA,0.142,17.5,0.605640157,9.17,0.605640157,SE,raw,9,1501.9,1501.450.9,150,18.6,1.438749457,1.438749457,23,29,158,221
1539,Ji,2001,Squamata,Scincidae,Plestiodon,chinensis,Plestiodon_chinensis,Plestiodon,chinensis,NA,NA,NA,China,NA,NA,other,259,Table 2,Morphology,Snout-vent length,Snout-vent length,mm,Hatchling,0,mixed,NA,Const,24,0,-220,220,29,NA,0.68,29.7,2.473863375,68,2.473863375,SE,raw,60,1539.29,1539.220.29,0,30,1.077032961,1.077032961,29,29,215,192.5
1539,Ji,2001,Squamata,Scincidae,Plestiodon,chinensis,Plestiodon_chinensis,Plestiodon,chinensis,NA,NA,NA,China,NA,NA,other,259,Table 2,Morphology,Snout-vent length,Snout-vent length,mm,Hatchling,0,mixed,NA,Const,26,0,-220,220,30,NA,0.68,29.8,2.01246118,45,2.01246118,SE,raw,57,1539.3,1539.220.30,0,30.2,1.077032961,1.077032961,29,29,57,113.5
1539,Ji,2001,Squamata,Scincidae,Plestiodon,chinensis,Plestiodon_chinensis,Plestiodon,chinensis,NA,NA,NA,China,NA,NA,other,259,Table 2,Morphology,Snout-vent length,Snout-vent length,mm,Hatchling,0,mixed,NA,Const,30,0,-220,220,31,NA,0.68,29.8,1.44222051,52,1.44222051,SE,raw,58,1539.31,1539.220.31,0,30.3,0.748331477,0.748331477,14,32,158,221
1539,Ji,2001,Squamata,Scincidae,Plestiodon,chinensis,Plestiodon_chinensis,Plestiodon,chinensis,NA,NA,NA,China,NA,NA,other,259,Table 2,Morphology,Snout-vent length,Snout-vent length,mm,Hatchling,0,mixed,NA,Const,32,0,-220,220,32,NA,0.68,29.2,1.523154621,58,1.523154621,SE,raw,59,1539.32,1539.220.32,0,29.4,0.565685425,0.565685425,8,32,215,192.5
1617,Miller,1993,Testudines,Chelydridae,Chelydra,serpentina,Chelydra_serpentina,Chelydra,serpentina,"Valentine National Wildlife Refuge,  Cherry County",NA, Nebraska, USA,NA,1986,split_pseudo,230,Author,Morphology,Carapace length,Carapace length,mm,Hatchling,0,mixed,NA,Const,29,0,-850,850,5,NA,11.36,24.6,0.817,12,NA,SD,raw,NA,1617.5,1617.850.5,150,27,0.871,NA,8,28,550,825
1617,Miller,1993,Testudines,Chelydridae,Chelydra,serpentina,Chelydra_serpentina,Chelydra,serpentina,"Valentine National Wildlife Refuge,  Cherry County",NA, Nebraska, USA,NA,1986,split_pseudo,230,Author,Morphology,Carapace length,Carapace length,mm,Hatchling,7,mixed,NA,Const,29,0,-850,850,6,NA,11.36,25.42,1.057,12,NA,SD,raw,NA,1617.6,1617.850.6,150,27.48,1.214,NA,9,28,950,625
1617,Miller,1993,Testudines,Chelydridae,Chelydra,serpentina,Chelydra_serpentina,Chelydra,serpentina,"Valentine National Wildlife Refuge,  Cherry County",NA, Nebraska, USA,NA,1986,split_pseudo,230,Author,Morphology,Carapace length,Carapace length,mm,Hatchling,14,mixed,NA,Const,29,0,-850,850,7,NA,11.36,26.39,1.1168,12,NA,SD,raw,NA,1617.7,1617.850.7,150,27.76,0.9945,NA,9,28,400,350
1617,Miller,1993,Testudines,Chelydridae,Chelydra,serpentina,Chelydra_serpentina,Chelydra,serpentina,"Valentine National Wildlife Refuge,  Cherry County",NA, Nebraska, USA,NA,1986,split_pseudo,230,Author,Morphology,Carapace length,Carapace length,mm,Hatchling,50,mixed,NA,Const,29,0,-850,850,8,NA,11.36,26.6,0.9724,12,NA,SD,raw,NA,1617.8,1617.850.8,150,27.58,0.809,NA,10,29.5,550,825
1651,Verd神-Ricoy ,2014,Squamata,Lacertidae,Psammodromus ,algirus ,Psammodromus_algirus,Psammodromus,algirus,NA,Aranjuez,NA, Spain,pop3,2011,split_pseudo,187,Table 2,Morphology,Snout-vent length,Snout-vent length,mm,Hatchling,30,mixed,NA,Const,24,0,10%,1500,49,-1500,0.4,31.1,1.587450787,7,1.587450787,SE,raw,21,1651.49,1651.1500.49,150,32,2.2627417,2.2627417,8,32,57,113.5
1651,Verd神-Ricoy ,2014,Squamata,Lacertidae,Psammodromus ,algirus ,Psammodromus_algirus,Psammodromus,algirus,NA,Torrejoncillo,NA, Spain,pop4,2011,split_pseudo,187,Table 2,Morphology,Snout-vent length,Snout-vent length,mm,Hatchling,30,mixed,NA,Const,24,0,10%,1500,50,-1500,0.4,31.1,1.697056275,8,1.697056275,SE,raw,21,1651.5,1651.1500.50,150,31.8,1.833030278,1.833030278,21,25,300,350
1651,Verd神-Ricoy ,2014,Squamata,Lacertidae,Psammodromus ,algirus ,Psammodromus_algirus,Psammodromus,algirus,NA,Navacerrada,NA, Spain,pop2,2011,split_pseudo,187,Table 2,Morphology,Snout-vent length,Snout-vent length,mm,Hatchling,30,mixed,NA,Const,24,0,10%,1500,51,-1500,0.41,32.1,1.264911064,10,1.264911064,SE,raw,21,1651.51,1651.1500.51,150,29.1,1.64924225,1.64924225,17,25,488,256
1651,Verd神-Ricoy ,2014,Squamata,Lacertidae,Psammodromus ,algirus ,Psammodromus_algirus,Psammodromus,algirus,NA,Torrejoncillo,NA, Spain,pop4,2011,split_pseudo,187,Table 2,Morphology,Snout-vent length,Snout-vent length,mm,Hatchling,0,mixed,NA,Const,24,0,10%,1500,52,-1500,0.4,28.5,1.58113883,10,1.58113883,SE,raw,21,1651.52,1651.1500.52,150,28.7,2.121320344,2.121320344,18,25,500,250
1651,Verd神-Ricoy ,2014,Squamata,Lacertidae,Psammodromus ,algirus ,Psammodromus_algirus,Psammodromus,algirus,NA,Aranjuez,NA, Spain,pop3,2011,split_pseudo,187,Table 2,Morphology,Snout-vent length,Snout-vent length,mm,Hatchling,0,mixed,NA,Const,24,0,10%,1500,53,-1500,0.4,28.4,0.994987437,11,0.994987437,SE,raw,21,1651.53,1651.1500.53,150,33.7,2.061552813,2.061552813,17,25,188,106
1651,Verd神-Ricoy ,2014,Squamata,Lacertidae,Psammodromus ,algirus ,Psammodromus_algirus,Psammodromus,algirus,NA,Navacerrada,NA, Spain,pop2,2011,split_pseudo,187,Table 2,Morphology,Snout-vent length,Snout-vent length,mm,Hatchling,0,mixed,NA,Const,24,0,10%,1500,54,-1500,0.41,28.7,1.44222051,13,1.44222051,SE,raw,21,1651.54,1651.1500.54,150,28.9,1.272792206,1.272792206,18,25,200,100
1651,Verd神-Ricoy ,2014,Squamata,Lacertidae,Psammodromus ,algirus ,Psammodromus_algirus,Psammodromus,algirus,NA,El Pardo,NA, Spain,pop1,2011,split_pseudo,187,Table 2,Morphology,Snout-vent length,Snout-vent length,mm,Hatchling,30,mixed,NA,Const,24,0,10%,1500,55,-1500,0.44,33.9,1.802775638,13,1.802775638,SE,raw,21,1651.55,1651.1500.55,150,34.9,1.272792206,1.272792206,18,25,12,6
1651,Verd神-Ricoy ,2014,Squamata,Lacertidae,Psammodromus ,algirus ,Psammodromus_algirus,Psammodromus,algirus,NA,El Pardo,NA, Spain,pop1,2011,split_pseudo,187,Table 2,Morphology,Snout-vent length,Snout-vent length,mm,Hatchling,0,mixed,NA,Const,24,0,10%,1500,56,-1500,0.44,29.6,1.802775638,13,1.802775638,SE,raw,21,1651.56,1651.1500.56,150,30.2,0.692820323,0.692820323,12,26,500,900
1651,Verd神-Ricoy ,2014,Squamata,Lacertidae,Psammodromus ,algirus ,Psammodromus_algirus,Psammodromus,algirus,NA,Aranjuez,NA, Spain,pop3,2011,split_pseudo,187,Table 2,Morphology,Snout-vent length,Snout-vent length,mm,Hatchling,0,mixed,NA,Const,32,0,10%,1500,57,-1500,0.4,26.9,1.5,9,1.5,SE,raw,22,1651.57,1651.1500.57,150,32.9,1.385640646,1.385640646,12,26,1000,650
1651,Verd神-Ricoy ,2014,Squamata,Lacertidae,Psammodromus ,algirus ,Psammodromus_algirus,Psammodromus,algirus,NA,Aranjuez,NA, Spain,pop3,2011,split_pseudo,187,Table 2,Morphology,Snout-vent length,Snout-vent length,mm,Hatchling,30,mixed,NA,Const,32,0,10%,1500,58,-1500,0.4,32.4,1.8,9,1.8,SE,raw,22,1651.58,1651.1500.58,150,27.2,1.732050808,1.732050808,12,26,500,400
1651,Verd神-Ricoy ,2014,Squamata,Lacertidae,Psammodromus ,algirus ,Psammodromus_algirus,Psammodromus,algirus,NA,Torrejoncillo,NA, Spain,pop4,2011,split_pseudo,187,Table 2,Morphology,Snout-vent length,Snout-vent length,mm,Hatchling,30,mixed,NA,Const,32,0,10%,1500,59,-1500,0.4,29.7,2.7,9,2.7,SE,raw,22,1651.59,1651.1500.59,150,31.4,2.078460969,2.078460969,12,26,500,900
1651,Verd神-Ricoy ,2014,Squamata,Lacertidae,Psammodromus ,algirus ,Psammodromus_algirus,Psammodromus,algirus,NA,Torrejoncillo,NA, Spain,pop4,2011,split_pseudo,187,Table 2,Morphology,Snout-vent length,Snout-vent length,mm,Hatchling,0,mixed,NA,Const,32,0,10%,1500,60,-1500,0.4,26,2.529822128,10,2.529822128,SE,raw,22,1651.6,1651.1500.60,150,26.5,1.385640646,1.385640646,12,26,1000,650
1651,Verd神-Ricoy ,2014,Squamata,Lacertidae,Psammodromus ,algirus ,Psammodromus_algirus,Psammodromus,algirus,NA,Navacerrada,NA, Spain,pop2,2011,split_pseudo,187,Table 2,Morphology,Snout-vent length,Snout-vent length,mm,Hatchling,0,mixed,NA,Const,32,0,10%,1500,61,-1500,0.41,26.8,0,11,0,SE,raw,22,1651.61,1651.1500.61,150,34.6,1.039230485,1.039230485,12,26,500,400
1651,Verd神-Ricoy ,2014,Squamata,Lacertidae,Psammodromus ,algirus ,Psammodromus_algirus,Psammodromus,algirus,NA,Navacerrada,NA, Spain,pop2,2011,split_pseudo,187,Table 2,Morphology,Snout-vent length,Snout-vent length,mm,Hatchling,30,mixed,NA,Const,32,0,10%,1500,62,-1500,0.41,32.4,1.989974874,11,1.989974874,SE,raw,22,1651.62,1651.1500.62,150,27.9,2.437211521,2.437211521,66,24,620,610
1651,Verd神-Ricoy ,2014,Squamata,Lacertidae,Psammodromus ,algirus ,Psammodromus_algirus,Psammodromus,algirus,NA,El Pardo,NA, Spain,pop1,2011,split_pseudo,187,Table 2,Morphology,Snout-vent length,Snout-vent length,mm,Hatchling,0,mixed,NA,Const,32,0,10%,1500,63,-1500,0.44,27.9,1.2,16,1.2,SE,raw,22,1651.63,1651.1500.63,150,32,3.872983346,3.872983346,60,24,785,527.5
1651,Verd神-Ricoy ,2014,Squamata,Lacertidae,Psammodromus ,algirus ,Psammodromus_algirus,Psammodromus,algirus,NA,El Pardo,NA, Spain,pop1,2011,split_pseudo,187,Table 2,Morphology,Snout-vent length,Snout-vent length,mm,Hatchling,30,mixed,NA,Const,32,0,10%,1500,64,-1500,0.44,34.3,2.8,16,2.8,SE,raw,22,1651.64,1651.1500.64,150,26.8,2.473863375,2.473863375,68,24,918,461
1709,Gatto,2020,Testudines,Cheloniidae,Chelonia,mydas,Chelonia_mydas,Chelonia,mydas,"Heron Island, Queensland, Australia",Melbourne,Victoria,Australia,pop1,2020,split_pseudo,785,Table 2,Morphology,Straight carapace length,SCL,mm,Hatchling,1 or 2,mixed,Frenzy,Const,28,0.16,8%,25,47,25,49.73,51.22,1.97,20,NA,SD,raw,97,1709.47,1709.25.47,0,51.52,2.66,NA,9,29.5,950,625
1709,Gatto,2020,Testudines,Cheloniidae,Chelonia,mydas,Chelonia_mydas,Chelonia,mydas,"Heron Island, Queensland, Australia",Melbourne,Victoria,Australia,pop1,2020,split_pseudo,785,Table 2,Morphology,Straight carapace length,SCL,mm,Hatchling,28,mixed,Post-Frenzy,Const,28,0.16,8%,25,48,25,49.73,62.08,2.23,20,NA,SD,raw,97,1709.48,1709.25.48,0,62.05,2.7,NA,9,29.5,400,350
1709,Gatto,2020,Testudines,Cheloniidae,Lepidochelys,olivacea,Lepidochelys_olivacea,Lepidochelys,olivacea,"Tiwi Islands, Northern Territory, Australia",Melbourne,Victoria,Australia,pop1,2020,split_pseudo,785,Table 2,Morphology,Straight carapace length,SCL,mm,Hatchling,28,mixed,Post-Frenzy,Const,29,0.02,4%,25,49,-25,34,44.53,2.21,38,NA,SD,raw,93,1709.49,1709.25.49,0,45.29,2.45,NA,9,31,550,825
1709,Gatto,2020,Testudines,Cheloniidae,Lepidochelys,olivacea,Lepidochelys_olivacea,Lepidochelys,olivacea,"Tiwi Islands, Northern Territory, Australia",Melbourne,Victoria,Australia,pop1,2020,split_pseudo,785,Table 2,Morphology,Straight carapace length,SCL,mm,Hatchling,1 or 2,mixed,Frenzy,Const,29,0.02,4%,25,50,-25,34,41.38,1.93,43,NA,SD,raw,93,1709.5,1709.25.50,0,41.47,2.62,NA,9,31,950,625
1709,Gatto,2020,Testudines,Cheloniidae,Natator,depressus,Natator_depressus,Natator,depressus,"Curtis Island, Queensland, Australia",Melbourne,Victoria,Australia,pop1,2020,split_pseudo,785,Table 2,Morphology,Straight carapace length,SCL,mm,Hatchling,28,mixed,Post-Frenzy,Const,29,0.26,8%,25,51,25,74,75.57,2.14,42,NA,SD,raw,99,1709.51,1709.25.51,0,75.45,2.25,NA,9,31,400,350
1709,Gatto,2020,Testudines,Cheloniidae,Natator,depressus,Natator_depressus,Natator,depressus,"Curtis Island, Queensland, Australia",Melbourne,Victoria,Australia,pop1,2020,split_pseudo,785,Table 2,Morphology,Straight carapace length,SCL,mm,Hatchling,1 or 2,mixed,Frenzy,Const,29,0.26,8%,25,52,25,74,61.03,2.48,46,NA,SD,raw,99,1709.52,1709.25.52,0,61.82,1.72,NA,8,25.4,165,217.5
1746,Brown,2018,Squamata,Colubridae,Tropidonophis,mairii,Tropidonophis_mairii,Tropidonophis,mairii,"Fogg Dam, Adelaide River",Darwin,Northern Territory,Australia,pop1,2016,"other (eggs from different clutches paired based on mass, pairs split up into wet or dry treatment)",225,Table 1,Morphology,Snout-vent length,SVL,cm,Hatchling,1,mixed,,Const,26.9,0.06,300%,920,12,-920,2.8,17,0.453651849,42,0.453651849,SE,raw,24,1746.12,1746.920.12,2,14.6,1.316814338,1.316814338,60,24,165,217.5
1749,Hall,2021,Squamata,Dactyloidae,Anolis,sagrei,Anolis_sagrei,Anolis,sagrei,Guana Tolomato Matanzas National Estuarine Research Reserve,Palm Coast,Florida,USA,pop1,2021,Independent_pseudo,Supplementary Information,Table S1 (supplementary),Morphology,Snout-vent length,SVL,mm,Hatchling,0,mixed,sand/shell substrate,Fluct,26.3,4.8,-117,117,6,NA,0.142,19.29,1.03,36,NA,SD,raw,38,1749.6,1749.117.6,100,19.12,1.4,NA,9,27.9,165,217.5
1749,Hall,2021,Squamata,Dactyloidae,Anolis,sagrei,Anolis_sagrei,Anolis,sagrei,Guana Tolomato Matanzas National Estuarine Research Reserve,Palm Coast,Florida,USA,pop1,2021,Independent_pseudo,Supplementary Information,Table S1 (supplementary),Morphology,Snout-vent length,SVL,mm,Hatchling,0,mixed,sand/shell substrate,Fluct,26.3,4.8,-117,117,6,NA,0.142,19.29,1.03,36,NA,SD,raw,38,1749.6,1749.117.6,40,19.41,1.01,NA,48,25,450,375
1749,Hall,2021,Squamata,Dactyloidae,Anolis,sagrei,Anolis_sagrei,Anolis,sagrei,Guana Tolomato Matanzas National Estuarine Research Reserve,Palm Coast,Florida,USA,pop1,2021,Independent_pseudo,Supplementary Information,Table S1 (supplementary),Morphology,Snout-vent length,SVL,mm,Hatchling,0,mixed,sand/shell substrate,Fluct,26.3,4.8,-117,117,6,NA,0.142,19.29,1.03,36,NA,SD,raw,38,1749.6,1749.117.6,33,19.79,0.99,NA,37,29,450,375
1749,Hall,2021,Squamata,Dactyloidae,Anolis,sagrei,Anolis_sagrei,Anolis,sagrei,Guana Tolomato Matanzas National Estuarine Research Reserve,Palm Coast,Florida,USA,pop1,2021,Independent_pseudo,Supplementary Information,Table S1 (supplementary),Morphology,Snout-vent length,SVL,mm,Hatchling,0,mixed,sand/shell substrate,Fluct,26.3,4.8,-117,117,6,NA,0.142,19.29,1.03,36,NA,SD,raw,38,1749.6,1749.117.6,30,19.39,1.34,NA,28,25,150,225
1749,Hall,2021,Squamata,Dactyloidae,Anolis,sagrei,Anolis_sagrei,Anolis,sagrei,Guana Tolomato Matanzas National Estuarine Research Reserve,Palm Coast,Florida,USA,pop1,2021,Independent_pseudo,Supplementary Information,Table S1 (supplementary),Morphology,Snout-vent length,SVL,mm,Hatchling,0,mixed,dark organic soil substrate,Fluct,26.3,4.8,-100,100,6,NA,0.142,19.12,1.4,41,NA,SD,raw,39,1749.6,1749.100.6,40,19.41,1.01,NA,19,25,288,156
1749,Hall,2021,Squamata,Dactyloidae,Anolis,sagrei,Anolis_sagrei,Anolis,sagrei,Guana Tolomato Matanzas National Estuarine Research Reserve,Palm Coast,Florida,USA,pop1,2021,Independent_pseudo,Supplementary Information,Table S1 (supplementary),Morphology,Snout-vent length,SVL,mm,Hatchling,0,mixed,dark organic soil substrate,Fluct,26.3,4.8,-100,100,6,NA,0.142,19.12,1.4,41,NA,SD,raw,39,1749.6,1749.100.6,33,19.79,0.99,NA,19,25,138,81
1749,Hall,2021,Squamata,Dactyloidae,Anolis,sagrei,Anolis_sagrei,Anolis,sagrei,Guana Tolomato Matanzas National Estuarine Research Reserve,Palm Coast,Florida,USA,pop1,2021,Independent_pseudo,Supplementary Information,Table S1 (supplementary),Morphology,Snout-vent length,SVL,mm,Hatchling,0,mixed,dark organic soil substrate,Fluct,26.3,4.8,-100,100,6,NA,0.142,19.12,1.4,41,NA,SD,raw,39,1749.6,1749.100.6,30,19.39,1.34,NA,29,29,150,225
1749,Hall,2021,Squamata,Dactyloidae,Anolis,sagrei,Anolis_sagrei,Anolis,sagrei,Guana Tolomato Matanzas National Estuarine Research Reserve,Palm Coast,Florida,USA,pop1,2021,Independent_pseudo,Supplementary Information,Table S1 (supplementary),Morphology,Snout-vent length,SVL,mm,Hatchling,0,mixed,dark organic soil substrate,Fluct,26.3,4.8,-40,40,6,NA,0.142,19.41,1.01,43,NA,SD,raw,40,1749.6,1749.40.6,33,19.79,0.99,NA,27,29,288,156
1749,Hall,2021,Squamata,Dactyloidae,Anolis,sagrei,Anolis_sagrei,Anolis,sagrei,Guana Tolomato Matanzas National Estuarine Research Reserve,Palm Coast,Florida,USA,pop1,2021,Independent_pseudo,Supplementary Information,Table S1 (supplementary),Morphology,Snout-vent length,SVL,mm,Hatchling,0,mixed,dark organic soil substrate,Fluct,26.3,4.8,-40,40,6,NA,0.142,19.41,1.01,43,NA,SD,raw,40,1749.6,1749.40.6,30,19.39,1.34,NA,27,29,138,81
1749,Hall,2021,Squamata,Dactyloidae,Anolis,sagrei,Anolis_sagrei,Anolis,sagrei,Guana Tolomato Matanzas National Estuarine Research Reserve,Palm Coast,Florida,USA,pop1,2021,Independent_pseudo,Supplementary Information,Table S1 (supplementary),Morphology,Snout-vent length,SVL,mm,Hatchling,0,mixed,dark organic soil substrate,Fluct,26.3,4.8,-33,33,6,NA,0.142,19.79,0.99,35,NA,SD,raw,41,1749.6,1749.33.6,30,19.39,1.34,NA,7,33,150,225
1750,Janzen,1993,Testudines,Cryptodira,Chelydra,serpentina,Chelydra_serpentina,Chelydra,serpentina,National Widlife Refuge,Whiteside County,Illinois,USA,pop1,1992,Split_pseudo,335,Table 1,Morphology,Carapace length,Carapace length,mm,Hatchling,0,mixed,,Const,27.5,0,-950,950,1,NA,12.54,27.73,1.78,57,NA,SD,raw,1,1750.1,1750.950.1,150,29.39,1.88,NA,2,33,288,156
1750,Janzen,1993,Testudines,Cryptodira,Chelydra,serpentina,Chelydra_serpentina,Chelydra,serpentina,National Widlife Refuge,Whiteside County,Illinois,USA,pop1,1992,Split_pseudo,335,Table 1,Morphology,Plastron length,Plastron length,mm,Hatchling,0,mixed,,Const,27.5,0,-950,950,7,NA,12.54,20.06,1.35,57,NA,SD,raw,13,1750.7,1750.950.7,150,20.6,1.32,NA,2,33,138,81
1751,Warner,2001,Squamata,Phrynosomatidae,Sceloporus,undulatus,Sceloporus_undulatus,Sceloporous,undulatus,Brush Mountain,Blacksburg,Virginia,USA,pop1,1999,Split_pseudo,113,Table 2,Morphology,Snout-vent length,SVL,mm,Hatchling,0,mixed,,Const,28,0,-530,530,10,NA,0.3785,24,0.458257569,21,0.458257569,SE,raw,13,1751.1,1751.530.10,150,24.3,0.824621125,0.824621125,68,24,298,151
1751,Warner,2001,Squamata,Phrynosomatidae,Sceloporus,undulatus,Sceloporus_undulatus,Sceloporous,undulatus,Brush Mountain,Blacksburg,Virginia,USA,pop1,1999,Split_pseudo,113,Table 2,Morphology,Snout-vent length,SVL,mm,Hatchling,9,mixed,,Const,28,0,-530,530,11,NA,0.3785,26.3,0.458257569,21,0.458257569,SE,raw,13,1751.11,1751.530.11,150,26.5,0.824621125,0.824621125,68,24,133,68.5
1753,Wei,2021,Testudines,Geoemydidae,Mauremys,reevessii,Mauremys_reevesii,Mauremys,reevesii,Guangdong Lvca Industry Co.,Boluo,Guangdong,China,pop1,2017,other,6,Table 2,Morphology,Carapace length,Carapace length,mm,Hatchling,2,mixed,,Const,23,1,50%,300,21,-300,10.2,23.28,1.13,14,NA,SD,raw,NA,1753.21,1753.300.21,142,23.37,1.27,NA,28,25,150,225
1753,Wei,2021,Testudines,Geoemydidae,Mauremys,reevessii,Mauremys_reevesii,Mauremys,reevesii,Guangdong Lvca Industry Co.,Boluo,Guangdong,China,pop1,2017,other,6,Table 2,Morphology,Carapace length,Carapace length,mm,Hatchling,2,mixed,,Const,23,1,50%,300,21,-300,10.2,23.28,1.13,14,NA,SD,raw,NA,1753.21,1753.300.21,85,23.45,1.23,NA,19,25,288,156
1753,Wei,2021,Testudines,Geoemydidae,Mauremys,reevessii,Mauremys_reevesii,Mauremys,reevesii,Guangdong Lvca Industry Co.,Boluo,Guangdong,China,pop1,2017,other,6,Table 2,Morphology,Carapace length,Carapace length,mm,Hatchling,2,mixed,,Const,23,1,90%,142,21,-142,10.2,23.37,1.27,18,NA,SD,raw,NA,1753.21,1753.142.21,85,23.45,1.23,NA,19,25,138,81
1753,Wei,2021,Testudines,Geoemydidae,Mauremys,reevessii,Mauremys_reevesii,Mauremys,reevesii,Guangdong Lvca Industry Co.,Boluo,Guangdong,China,pop1,2017,other,6,Table 2,Morphology,Carapace length,Carapace length,mm,Hatchling,2,mixed,,Const,26,1,50%,300,22,-300,10.2,24.11,1.51,19,NA,SD,raw,NA,1753.22,1753.300.22,142,23.39,1.03,NA,29,29,150,225
1753,Wei,2021,Testudines,Geoemydidae,Mauremys,reevessii,Mauremys_reevesii,Mauremys,reevesii,Guangdong Lvca Industry Co.,Boluo,Guangdong,China,pop1,2017,other,6,Table 2,Morphology,Carapace length,Carapace length,mm,Hatchling,2,mixed,,Const,26,1,50%,300,22,-300,10.2,24.11,1.51,19,NA,SD,raw,NA,1753.22,1753.300.22,85,23.68,1.22,NA,27,29,288,156
1753,Wei,2021,Testudines,Geoemydidae,Mauremys,reevessii,Mauremys_reevesii,Mauremys,reevesii,Guangdong Lvca Industry Co.,Boluo,Guangdong,China,pop1,2017,other,6,Table 2,Morphology,Carapace length,Carapace length,mm,Hatchling,2,mixed,,Const,26,1,90%,142,22,-142,10.2,23.39,1.03,14,NA,SD,raw,NA,1753.22,1753.142.22,85,23.68,1.22,NA,27,29,138,81
1753,Wei,2021,Testudines,Geoemydidae,Mauremys,reevessii,Mauremys_reevesii,Mauremys,reevesii,Guangdong Lvca Industry Co.,Boluo,Guangdong,China,pop1,2017,other,6,Table 2,Morphology,Carapace length,Carapace length,mm,Hatchling,2,mixed,,Const,29,1,50%,300,23,-300,10.2,23.18,2.44,16,NA,SD,raw,NA,1753.23,1753.300.23,142,23.61,1.23,NA,7,33,150,225
1753,Wei,2021,Testudines,Geoemydidae,Mauremys,reevessii,Mauremys_reevesii,Mauremys,reevesii,Guangdong Lvca Industry Co.,Boluo,Guangdong,China,pop1,2017,other,6,Table 2,Morphology,Carapace length,Carapace length,mm,Hatchling,2,mixed,,Const,29,1,50%,300,23,-300,10.2,23.18,2.44,16,NA,SD,raw,NA,1753.23,1753.300.23,85,23.6,1.54,NA,2,33,288,156
1753,Wei,2021,Testudines,Geoemydidae,Mauremys,reevessii,Mauremys_reevesii,Mauremys,reevesii,Guangdong Lvca Industry Co.,Boluo,Guangdong,China,pop1,2017,other,6,Table 2,Morphology,Carapace length,Carapace length,mm,Hatchling,2,mixed,,Const,29,1,90%,142,23,-142,10.2,23.61,1.23,23,NA,SD,raw,NA,1753.23,1753.142.23,85,23.6,1.54,NA,2,33,138,81
1753,Wei,2021,Testudines,Geoemydidae,Mauremys,reevessii,Mauremys_reevesii,Mauremys,reevesii,Guangdong Lvca Industry Co.,Boluo,Guangdong,China,pop1,2017,other,6,Table 2,Morphology,Carapace length,Carapace length,mm,Hatchling,2,mixed,,Const,32,1,50%,300,24,-300,10.2,22.69,0.97,13,NA,SD,raw,NA,1753.24,1753.300.24,142,22.27,1.35,NA,11,18,150,195
1753,Wei,2021,Testudines,Geoemydidae,Mauremys,reevessii,Mauremys_reevesii,Mauremys,reevesii,Guangdong Lvca Industry Co.,Boluo,Guangdong,China,pop1,2017,other,6,Table 2,Morphology,Carapace length,Carapace length,mm,Hatchling,2,mixed,,Const,32,1,50%,300,24,-300,10.2,22.69,0.97,13,NA,SD,raw,NA,1753.24,1753.300.24,85,22.81,1.25,NA,37,18,150,195
1753,Wei,2021,Testudines,Geoemydidae,Mauremys,reevessii,Mauremys_reevesii,Mauremys,reevesii,Guangdong Lvca Industry Co.,Boluo,Guangdong,China,pop1,2017,other,6,Table 2,Morphology,Carapace length,Carapace length,mm,Hatchling,2,mixed,,Const,32,1,90%,142,24,-142,10.2,22.27,1.35,14,NA,SD,raw,NA,1753.24,1753.142.24,85,22.81,1.25,NA,48,22,150,195
1755,Du,2008,Squamata,Scincidae,Lampropholis,guichenoti,Lampropholis_guichenoti,Lampropholis,guichenoti,NA,Sydney,New South Wales,Australia,pop1,2007,other,104,Figure 3a,Morphology,Snout-vent length,SVL,mm,Hatchling,1,mixed,,Const,25,0,-500,500,3,NA,0.16,18.47318612,1.066544673,17,NA,SD,raw,NA,1755.3,1755.500.3,200,18.86435331,0.983013083,NA,50,22,150,195
1755,Du,2008,Squamata,Scincidae,Lampropholis,guichenoti,Lampropholis_guichenoti,Lampropholis,guichenoti,NA,Sydney,New South Wales,Australia,pop1,2007,other,104,Figure 3a,Morphology,Snout-vent length,SVL,mm,Hatchling,1,mixed,,Const,25,0,-500,500,3,NA,0.16,18.47318612,1.066544673,17,NA,SD,raw,NA,1755.3,1755.500.3,12,19.12302839,1.040531388,NA,47,26,150,195
1755,Du,2008,Squamata,Scincidae,Lampropholis,guichenoti,Lampropholis_guichenoti,Lampropholis,guichenoti,NA,Sydney,New South Wales,Australia,pop1,2007,other,104,Figure 3a,Morphology,Snout-vent length,SVL,mm,Hatchling,1,mixed,,Const,25,0,-500,500,3,NA,0.16,18.47318612,1.066544673,17,NA,SD,raw,NA,1755.3,1755.500.3,0,19.2807571,0.990395618,NA,49,26,150,195
1755,Du,2008,Squamata,Scincidae,Lampropholis,guichenoti,Lampropholis_guichenoti,Lampropholis,guichenoti,NA,Sydney,New South Wales,Australia,pop1,2007,other,104,Figure 3a,Morphology,Snout-vent length,SVL,mm,Hatchling,1,mixed,,Const,25,0,-200,200,3,NA,0.16,18.86435331,0.983013083,21,NA,SD,raw,NA,1755.3,1755.200.3,12,19.12302839,1.040531388,NA,11,18,150,195
1755,Du,2008,Squamata,Scincidae,Lampropholis,guichenoti,Lampropholis_guichenoti,Lampropholis,guichenoti,NA,Sydney,New South Wales,Australia,pop1,2007,other,104,Figure 3a,Morphology,Snout-vent length,SVL,mm,Hatchling,1,mixed,,Const,25,0,-200,200,3,NA,0.16,18.86435331,0.983013083,21,NA,SD,raw,NA,1755.3,1755.200.3,0,19.2807571,0.990395618,NA,37,18,150,195
1755,Du,2008,Squamata,Scincidae,Lampropholis,guichenoti,Lampropholis_guichenoti,Lampropholis,guichenoti,NA,Sydney,New South Wales,Australia,pop1,2007,other,104,Figure 3a,Morphology,Snout-vent length,SVL,mm,Hatchling,1,mixed,,Const,25,0,-12,12,3,NA,0.16,19.12302839,1.040531388,17,NA,SD,raw,NA,1755.3,1755.12.3,0,19.2807571,0.990395618,NA,48,22,150,195
1756,Marco,2004,Squamata,Lacertidae,Lacerta,schreiberi,Lacerta_schreiberi,Lacerta,schreiberi,Sierra de Candelario,Salamanca,Salamanca,Spain,pop1,2000,Split_clutch,64,Figure 4,Morphology,Snout-vent length,SVL,mm,Hatchling,0,mixed,eggs isolated from one another,Const,26,0,-1150,1150,5,NA,0.7,30.9,1.75,12,NA,SD,raw,NA,1756.5,1756.1150.5,650,32.5,1.75,NA,50,22,150,195
1756,Marco,2004,Squamata,Lacertidae,Lacerta,schreiberi,Lacerta_schreiberi,Lacerta,schreiberi,Sierra de Candelario,Salamanca,Salamanca,Spain,pop1,2000,Split_clutch,64,Figure 4,Morphology,Snout-vent length,SVL,mm,Hatchling,0,mixed,eggs isolated from one another,Const,26,0,-1150,1150,5,NA,0.7,30.9,1.75,12,NA,SD,raw,NA,1756.5,1756.1150.5,150,32.1,1.75,NA,47,26,150,195
1756,Marco,2004,Squamata,Lacertidae,Lacerta,schreiberi,Lacerta_schreiberi,Lacerta,schreiberi,Sierra de Candelario,Salamanca,Salamanca,Spain,pop1,2000,Split_clutch,64,Figure 4,Morphology,Snout-vent length,SVL,mm,Hatchling,0,mixed,eggs isolated from one another,Const,26,0,-650,650,5,NA,0.7,32.5,1.75,12,NA,SD,raw,NA,1756.5,1756.650.5,150,32.1,1.75,NA,49,26,150,195
1756,Marco,2004,Squamata,Lacertidae,Lacerta,schreiberi,Lacerta_schreiberi,Lacerta,schreiberi,Sierra de Candelario,Salamanca,Salamanca,Spain,pop1,2000,Split_clutch,64,Figure 4,Morphology,Snout-vent length,SVL,mm,Hatchling,0,mixed,eggs aggregated,Const,26,0,-1150,1150,6,NA,0.7,30.6,1.75,12,NA,SD,raw,NA,1756.6,1756.1150.6,650,30.7,1.75,NA,49,29,208,116
1756,Marco,2004,Squamata,Lacertidae,Lacerta,schreiberi,Lacerta_schreiberi,Lacerta,schreiberi,Sierra de Candelario,Salamanca,Salamanca,Spain,pop1,2000,Split_clutch,64,Figure 4,Morphology,Snout-vent length,SVL,mm,Hatchling,0,mixed,eggs aggregated,Const,26,0,-1150,1150,6,NA,0.7,30.6,1.75,12,NA,SD,raw,NA,1756.6,1756.1150.6,150,32.4,1.75,NA,20,29,220,110
1756,Marco,2004,Squamata,Lacertidae,Lacerta,schreiberi,Lacerta_schreiberi,Lacerta,schreiberi,Sierra de Candelario,Salamanca,Salamanca,Spain,pop1,2000,Split_clutch,64,Figure 4,Morphology,Snout-vent length,SVL,mm,Hatchling,0,mixed,eggs aggregated,Const,26,0,-650,650,6,NA,0.7,30.7,1.75,12,NA,SD,raw,NA,1756.6,1756.650.6,150,32.4,1.75,NA,20,29,12,6
1758,Brown,2004,Squamata,Colubridae,Tropidonophis,mairii,Tropidonophis_mairii,Tropidonophis,mairii,Fogg Dam Nature Reserve, Darwin, Northern Territory, Australia,pop1,2002,split-clutch,1632,Figure 2C,Morphology,Snout-vent length,SVL,cm,Hatchling,1,mixed,,Const,24,16,25%,920,1,-920,2.8,12.70217918,1.476997579,72,NA,SD,raw,NA,1758.1,1758.920.1,300,14.19128329,1.186440678,NA,36,32,208,116
1758,Brown,2004,Squamata,Colubridae,Tropidonophis,mairii,Tropidonophis_mairii,Tropidonophis,mairii,Fogg Dam Nature Reserve, Darwin, Northern Territory, Australia,pop1,2002,split-clutch,1632,Figure 2C,Morphology,Snout-vent length,SVL,cm,Hatchling,1,mixed,,Const,24,16,25%,920,1,-920,2.8,12.70217918,1.476997579,72,NA,SD,raw,NA,1758.1,1758.920.1,135,14.67554479,0.895883777,NA,9,32,220,110
1758,Brown,2004,Squamata,Colubridae,Tropidonophis,mairii,Tropidonophis_mairii,Tropidonophis,mairii,Fogg Dam Nature Reserve, Darwin, Northern Territory, Australia,pop1,2002,split-clutch,1632,Figure 2C,Morphology,Snout-vent length,SVL,cm,Hatchling,1,mixed,,Const,24,16,25%,920,1,-920,2.8,12.70217918,1.476997579,72,NA,SD,raw,NA,1758.1,1758.920.1,2,14.86924939,0.920096852,NA,9,32,12,6
1758,Brown,2004,Squamata,Colubridae,Tropidonophis,mairii,Tropidonophis_mairii,Tropidonophis,mairii,Fogg Dam Nature Reserve, Darwin, Northern Territory, Australia,pop1,2002,split-clutch,1632,Figure 2C,Morphology,Snout-vent length,SVL,cm,Hatchling,1,mixed,,Const,24,16,50%,300,1,-300,2.8,14.19128329,1.186440678,66,NA,SD,raw,NA,1758.1,1758.300.1,135,14.67554479,0.895883777,NA,3,24,220,110
1758,Brown,2004,Squamata,Colubridae,Tropidonophis,mairii,Tropidonophis_mairii,Tropidonophis,mairii,Fogg Dam Nature Reserve, Darwin, Northern Territory, Australia,pop1,2002,split-clutch,1632,Figure 2C,Morphology,Snout-vent length,SVL,cm,Hatchling,1,mixed,,Const,24,16,50%,300,1,-300,2.8,14.19128329,1.186440678,66,NA,SD,raw,NA,1758.1,1758.300.1,2,14.86924939,0.920096852,NA,31,26,220,110
1758,Brown,2004,Squamata,Colubridae,Tropidonophis,mairii,Tropidonophis_mairii,Tropidonophis,mairii,Fogg Dam Nature Reserve, Darwin, Northern Territory, Australia,pop1,2002,split-clutch,1632,Figure 2C,Morphology,Snout-vent length,SVL,cm,Hatchling,1,mixed,,Const,24,16,100%,135,1,-135,2.8,14.67554479,0.895883777,60,NA,SD,raw,NA,1758.1,1758.135.1,2,14.86924939,0.920096852,NA,37,30,220,110
