row_count,paper_no,first_author_surname,pub_year,order,family,genus,species,genus_species,genus_timetree,species_timetree,specific_location_name,city,state_province,country,population,data_year,egg_design,source_page,source,trait_cat,trait,simp_trait,units,egg_embryo_hatchling,age,sex,other_factors,const_fluct,T,T_fluc,water_potential,waterpot,pairgrp,KPA_conversion,egg_mass_g,mean,sd,N,SE conversion,error_type,data_style,collapse,id,cor,waterpot.2,mean.2,sd.2,SE conversion.2,N.2,T.2,waterpot_diff,waterpot_mid
1,1000,Alberts,1997,Squamata,Iguanidae,Cyclura,nubila,Cyclura_nubila,Cyclura,nubila, Guantanamo Bay Naval Base, Guantanamo Bay,Guantanamo, Cuba,pop1,1993,split_pseudo,769,Table 1,Morphology,Mass,Mass,g,Egg,NA,mixed,NA,Const,28,0.2,-1100,1100,4,NA,72.9,72.9,4.242640687,8,4.242640687,SE,raw,4,1000.4,1000.1100.4,550,75.5,7.636753237,7.636753237,8,28,550,825
2,1000,Alberts,1997,Squamata,Iguanidae,Cyclura,nubila,Cyclura_nubila,Cyclura,nubila, Guantanamo Bay Naval Base, Guantanamo Bay,Guantanamo, Cuba,pop1,1993,split_pseudo,769,Table 1,Morphology,Mass,Mass,g,Egg,NA,mixed,NA,Const,28,0.2,-1100,1100,4,NA,72.9,72.9,4.242640687,8,4.242640687,SE,raw,4,1000.4,1000.1100.4,150,74.5,7.8,7.8,9,28,950,625
3,1000,Alberts,1997,Squamata,Iguanidae,Cyclura,nubila,Cyclura_nubila,Cyclura,nubila, Guantanamo Bay Naval Base, Guantanamo Bay,Guantanamo, Cuba,pop1,1993,split_pseudo,769,Table 1,Morphology,Mass,Mass,g,Egg,NA,mixed,NA,Const,28,0.2,-550,550,4,NA,75.5,75.5,7.636753237,8,7.636753237,SE,raw,7,1000.4,1000.550.4,150,74.5,7.8,7.8,9,28,400,350
4,1000,Alberts,1997,Squamata,Iguanidae,Cyclura,nubila,Cyclura_nubila,Cyclura,nubila, Guantanamo Bay Naval Base, Guantanamo Bay,Guantanamo, Cuba,pop1,1993,split_pseudo,769,Table 1,Morphology,Mass,Mass,g,Hatchling,0,mixed,NA,Const,28,0.2,-1100,1100,5,NA,72.9,46.6,11.59655121,8,11.59655121,SE,raw,4,1000.5,1000.1100.5,550,54.5,1.697056275,1.697056275,8,28,550,825
5,1000,Alberts,1997,Squamata,Iguanidae,Cyclura,nubila,Cyclura_nubila,Cyclura,nubila, Guantanamo Bay Naval Base, Guantanamo Bay,Guantanamo, Cuba,pop1,1993,split_pseudo,769,Table 1,Morphology,Mass,Mass,g,Hatchling,0,mixed,NA,Const,28,0.2,-1100,1100,5,NA,72.9,46.6,11.59655121,8,11.59655121,SE,raw,4,1000.5,1000.1100.5,150,46.5,12.6,12.6,9,28,950,625
6,1000,Alberts,1997,Squamata,Iguanidae,Cyclura,nubila,Cyclura_nubila,Cyclura,nubila, Guantanamo Bay Naval Base, Guantanamo Bay,Guantanamo, Cuba,pop1,1993,split_pseudo,769,Table 1,Morphology,Mass,Mass,g,Hatchling,0,mixed,NA,Const,28,0.2,-550,550,5,NA,75.5,54.5,1.697056275,8,1.697056275,SE,raw,7,1000.5,1000.550.5,150,46.5,12.6,12.6,9,28,400,350
7,1000,Alberts,1997,Squamata,Iguanidae,Cyclura,nubila,Cyclura_nubila,Cyclura,nubila, Guantanamo Bay Naval Base, Guantanamo Bay,Guantanamo, Cuba,pop1,1993,split_pseudo,769,Table 1,Morphology,Mass,Mass,g,Egg,NA,mixed,NA,Const,29.5,0.2,-1100,1100,6,NA,72.9,73.5,6.222539674,8,6.222539674,SE,raw,5,1000.6,1000.1100.6,550,72,10.11928851,10.11928851,10,29.5,550,825
8,1000,Alberts,1997,Squamata,Iguanidae,Cyclura,nubila,Cyclura_nubila,Cyclura,nubila, Guantanamo Bay Naval Base, Guantanamo Bay,Guantanamo, Cuba,pop1,1993,split_pseudo,769,Table 1,Morphology,Mass,Mass,g,Egg,NA,mixed,NA,Const,29.5,0.2,-1100,1100,6,NA,72.9,73.5,6.222539674,8,6.222539674,SE,raw,5,1000.6,1000.1100.6,150,72.6,11.1,11.1,9,29.5,950,625
9,1000,Alberts,1997,Squamata,Iguanidae,Cyclura,nubila,Cyclura_nubila,Cyclura,nubila, Guantanamo Bay Naval Base, Guantanamo Bay,Guantanamo, Cuba,pop1,1993,split_pseudo,769,Table 1,Morphology,Mass,Mass,g,Egg,NA,mixed,NA,Const,29.5,0.2,-550,550,6,NA,75.5,72,10.11928851,10,10.11928851,SE,raw,9,1000.6,1000.550.6,150,72.6,11.1,11.1,9,29.5,400,350
10,1000,Alberts,1997,Squamata,Iguanidae,Cyclura,nubila,Cyclura_nubila,Cyclura,nubila, Guantanamo Bay Naval Base, Guantanamo Bay,Guantanamo, Cuba,pop1,1993,split_pseudo,769,Table 1,Morphology,Mass,Mass,g,Hatchling,0,mixed,NA,Const,29.5,0.2,-1100,1100,7,NA,72.9,51.3,7.636753237,8,7.636753237,SE,raw,5,1000.7,1000.1100.7,550,45.6,8.854377448,8.854377448,10,29.5,550,825
11,1000,Alberts,1997,Squamata,Iguanidae,Cyclura,nubila,Cyclura_nubila,Cyclura,nubila, Guantanamo Bay Naval Base, Guantanamo Bay,Guantanamo, Cuba,pop1,1993,split_pseudo,769,Table 1,Morphology,Mass,Mass,g,Hatchling,0,mixed,NA,Const,29.5,0.2,-1100,1100,7,NA,72.9,51.3,7.636753237,8,7.636753237,SE,raw,5,1000.7,1000.1100.7,150,47.5,6,6,9,29.5,950,625
12,1000,Alberts,1997,Squamata,Iguanidae,Cyclura,nubila,Cyclura_nubila,Cyclura,nubila, Guantanamo Bay Naval Base, Guantanamo Bay,Guantanamo, Cuba,pop1,1993,split_pseudo,769,Table 1,Morphology,Mass,Mass,g,Hatchling,0,mixed,NA,Const,29.5,0.2,-550,550,7,NA,75.5,45.6,8.854377448,10,8.854377448,SE,raw,9,1000.7,1000.550.7,150,47.5,6,6,9,29.5,400,350
13,1000,Alberts,1997,Squamata,Iguanidae,Cyclura,nubila,Cyclura_nubila,Cyclura,nubila, Guantanamo Bay Naval Base, Guantanamo Bay,Guantanamo, Cuba,pop1,1993,split_pseudo,769,Table 1,Morphology,Mass,Mass,g,Egg,NA,mixed,NA,Const,31,0.2,-1100,1100,8,NA,72.9,74.3,6.6,9,6.6,SE,raw,6,1000.8,1000.1100.8,550,77.6,6,6,9,31,550,825
14,1000,Alberts,1997,Squamata,Iguanidae,Cyclura,nubila,Cyclura_nubila,Cyclura,nubila, Guantanamo Bay Naval Base, Guantanamo Bay,Guantanamo, Cuba,pop1,1993,split_pseudo,769,Table 1,Morphology,Mass,Mass,g,Egg,NA,mixed,NA,Const,31,0.2,-1100,1100,8,NA,72.9,74.3,6.6,9,6.6,SE,raw,6,1000.8,1000.1100.8,150,74.6,9,9,9,31,950,625
15,1000,Alberts,1997,Squamata,Iguanidae,Cyclura,nubila,Cyclura_nubila,Cyclura,nubila, Guantanamo Bay Naval Base, Guantanamo Bay,Guantanamo, Cuba,pop1,1993,split_pseudo,769,Table 1,Morphology,Mass,Mass,g,Egg,NA,mixed,NA,Const,31,0.2,-550,550,8,NA,75.5,77.6,6,9,6,SE,raw,8,1000.8,1000.550.8,150,74.6,9,9,9,31,400,350
16,1000,Alberts,1997,Squamata,Iguanidae,Cyclura,nubila,Cyclura_nubila,Cyclura,nubila, Guantanamo Bay Naval Base, Guantanamo Bay,Guantanamo, Cuba,pop1,1993,split_pseudo,769,Table 1,Morphology,Mass,Mass,g,Hatchling,0,mixed,NA,Const,31,0.2,-1100,1100,9,NA,72.9,43.4,24.9,9,24.9,SE,raw,6,1000.9,1000.1100.9,550,47.1,14.1,14.1,9,31,550,825
17,1000,Alberts,1997,Squamata,Iguanidae,Cyclura,nubila,Cyclura_nubila,Cyclura,nubila, Guantanamo Bay Naval Base, Guantanamo Bay,Guantanamo, Cuba,pop1,1993,split_pseudo,769,Table 1,Morphology,Mass,Mass,g,Hatchling,0,mixed,NA,Const,31,0.2,-1100,1100,9,NA,72.9,43.4,24.9,9,24.9,SE,raw,6,1000.9,1000.1100.9,150,51.1,3.6,3.6,9,31,950,625
18,1000,Alberts,1997,Squamata,Iguanidae,Cyclura,nubila,Cyclura_nubila,Cyclura,nubila, Guantanamo Bay Naval Base, Guantanamo Bay,Guantanamo, Cuba,pop1,1993,split_pseudo,769,Table 1,Morphology,Mass,Mass,g,Hatchling,0,mixed,NA,Const,31,0.2,-550,550,9,NA,75.5,47.1,14.1,9,14.1,SE,raw,8,1000.9,1000.550.9,150,51.1,3.6,3.6,9,31,400,350
19,1049,Brooks,1991,Testudines,Chelydridae,Chelydra,serpentina,Chelydra_serpentina,Chelydra,serpentina,Algonquin Park,NA, Ontario, Canada,pop1,1986,split_pseudo,2669,Table 1,Morphology,Mass,Mass,g,Egg,NA,mixed,NA,Fluct,28.6,1.6,-500,500,10,NA,12,12,1.5,17,NA,SD,raw,7,1049.1,1049.500.10,100,12,1.4,NA,24,28.6,400,300
20,1049,Brooks,1991,Testudines,Chelydridae,Chelydra,serpentina,Chelydra_serpentina,Chelydra,serpentina,Algonquin Park,NA, Ontario, Canada,pop1,1986,split_pseudo,2669,Table 1,Morphology,Mass,Mass,g,Hatchling,0,mixed,NA,Fluct,28.6,1.6,-500,500,11,NA,12,8.1,1.1,17,NA,SD,raw,7,1049.11,1049.500.11,100,9.2,0.8,NA,24,28.6,400,300
21,1049,Brooks,1991,Testudines,Chelydridae,Chelydra,serpentina,Chelydra_serpentina,Chelydra,serpentina,Algonquin Park,NA, Ontario, Canada,pop1,1986,split_pseudo,2669,Table 1,Morphology,Mass,Mass,g,Hatchling,217,mixed,NA,Fluct,28.6,1.6,-500,500,12,NA,12,24.6,3.6,17,NA,SD,raw,7,1049.12,1049.500.12,100,25.4,4.7,NA,24,28.6,400,300
22,1049,Brooks,1991,Testudines,Chelydridae,Chelydra,serpentina,Chelydra_serpentina,Chelydra,serpentina,Algonquin Park,NA, Ontario, Canada,pop1,1986,split_pseudo,2669,Table 1,Morphology,Mass,Mass,g,Egg,NA,mixed,NA,Const,22,0.6,-500,500,4,NA,12.2,12,1.5,22,NA,SD,raw,8,1049.4,1049.500.4,100,12.2,1.6,NA,15,22,400,300
23,1049,Brooks,1991,Testudines,Chelydridae,Chelydra,serpentina,Chelydra_serpentina,Chelydra,serpentina,Algonquin Park,NA, Ontario, Canada,pop1,1986,split_pseudo,2669,Table 1,Morphology,Mass,Mass,g,Hatchling,0,mixed,NA,Const,22,0.6,-500,500,5,NA,12.2,8.8,0.8,22,NA,SD,raw,8,1049.5,1049.500.5,100,9.4,1,NA,15,22,400,300
24,1049,Brooks,1991,Testudines,Chelydridae,Chelydra,serpentina,Chelydra_serpentina,Chelydra,serpentina,Algonquin Park,NA, Ontario, Canada,pop1,1986,split_pseudo,2669,Table 1,Morphology,Mass,Mass,g,Hatchling,217,mixed,NA,Const,22,0.6,-500,500,6,NA,12.2,26.5,5.8,22,NA,SD,raw,8,1049.6,1049.500.6,100,27,3.6,NA,15,22,400,300
25,1049,Brooks,1991,Testudines,Chelydridae,Chelydra,serpentina,Chelydra_serpentina,Chelydra,serpentina,Algonquin Park,NA, Ontario, Canada,pop1,1986,split_pseudo,2669,Table 1,Morphology,Mass,Mass,g,Egg,NA,males,NA,Const,25.6,1,-500,500,7,NA,12.1,11.7,1.4,23,NA,SD,raw,9,1049.7,1049.500.7,100,12.1,1.5,NA,20,25.6,400,300
26,1049,Brooks,1991,Testudines,Chelydridae,Chelydra,serpentina,Chelydra_serpentina,Chelydra,serpentina,Algonquin Park,NA, Ontario, Canada,pop1,1986,split_pseudo,2669,Table 1,Morphology,Mass,Mass,g,Hatchling,0,males,NA,Const,25.6,1,-500,500,8,NA,12.1,8.7,0.9,23,NA,SD,raw,9,1049.8,1049.500.8,100,9.3,1,NA,20,25.6,400,300
27,1049,Brooks,1991,Testudines,Chelydridae,Chelydra,serpentina,Chelydra_serpentina,Chelydra,serpentina,Algonquin Park,NA, Ontario, Canada,pop1,1986,split_pseudo,2669,Table 1,Morphology,Mass,Mass,g,Hatchling,217,males,NA,Const,25.6,1,-500,500,9,NA,12.1,30.1,4.8,23,NA,SD,raw,9,1049.9,1049.500.9,100,31.1,3.4,NA,20,25.6,400,300
28,1051,Brown,2006,Squamata,Colubridae,Tropidonophis,mairii,Tropidonophis_mairii,Tropidonophis,mairii,Fogg Dam Nature Reserve, Darwin,Northern Territory, Australia,pop1,year1,split_pseudo,164,raw data,Morphology,Mass,Mass,g,Hatchling,1,mixed,NA,Fluct,25.4,11.2,50%,300,7,-300,2.8,2.33,0.424264069,8,0.424264069,SE,raw,13,1051.7,1051.300.7,135,2.48,0.339411255,0.339411255,8,25.4,165,217.5
29,1051,Brown,2006,Squamata,Colubridae,Tropidonophis,mairii,Tropidonophis_mairii,Tropidonophis,mairii,Fogg Dam Nature Reserve, Darwin,Northern Territory, Australia,pop1,year1,split_pseudo,164,raw data,Morphology,Mass,Mass,g,Hatchling,1,mixed,NA,Fluct,27.9,11.6,50%,300,8,-300,2.8,1.94,0.509116882,8,0.509116882,SE,raw,14,1051.8,1051.300.8,135,2.38,0.27,0.27,9,27.9,165,217.5
30,1115,Diaz-Paniagua,2003,Squamata,Chamaeleonidae,Chamaeleo,chamaeleon,Chamaeleo_chamaeleon,Chamaeleo,chamaeleon,NA,NA,NA,Southern Spain,pop1,1998,split_pseudo,435,Fig. 3,Morphology,Mass,Mass,g,Hatchling,0,mixed,NA,Const,25,0,-600,600,5,NA,1.35,1.32,1.108512517,48,1.108512517,SE,raw,10,1115.5,1115.600.5,150,1.33,1.177794549,1.177794549,48,25,450,375
31,1115,Diaz-Paniagua,2003,Squamata,Chamaeleonidae,Chamaeleo,chamaeleon,Chamaeleo_chamaeleon,Chamaeleo,chamaeleon,NA,NA,NA,Southern Spain,pop1,1998,split_pseudo,435,Fig. 3,Morphology,Mass,Mass,g,Hatchling,0,mixed,NA,Const,29,0,-600,600,6,NA,1.35,1.05,0.8,25,0.8,SE,raw,9,1115.6,1115.600.6,150,1.22,1.03406963,1.03406963,37,29,450,375
32,1191,Guo,1994,Testudines,Geoemydidae,Mauremys,mutica,Mauremys_mutica,Mauremys,mutica,NA,NA,NA,China,pop1,NA,split_pseudo,207,Table 1,Morphology,Mass,Mass,g,Egg,NA,mixed,NA,Const,25,0,-300,300,19,NA,17.79,17.76,2.05,25,2.05,SE,raw,48,1191.19,1191.300.19,150,19.1,1.53453576,1.53453576,28,25,150,225
33,1191,Guo,1994,Testudines,Geoemydidae,Mauremys,mutica,Mauremys_mutica,Mauremys,mutica,NA,NA,NA,China,pop1,NA,split_pseudo,207,Table 1,Morphology,Mass,Mass,g,Egg,NA,mixed,NA,Const,25,0,-300,300,19,NA,17.79,17.76,2.05,25,2.05,SE,raw,48,1191.19,1191.300.19,12,20.99,2.048682503,2.048682503,19,25,288,156
34,1191,Guo,1994,Testudines,Geoemydidae,Mauremys,mutica,Mauremys_mutica,Mauremys,mutica,NA,NA,NA,China,pop1,NA,split_pseudo,207,Table 1,Morphology,Mass,Mass,g,Egg,NA,mixed,NA,Const,25,0,-150,150,19,NA,17.79,19.1,1.53453576,28,1.53453576,SE,raw,50,1191.19,1191.150.19,12,20.99,2.048682503,2.048682503,19,25,138,81
35,1191,Guo,1994,Testudines,Geoemydidae,Mauremys,mutica,Mauremys_mutica,Mauremys,mutica,NA,NA,NA,China,pop1,NA,split_pseudo,207,Table 1,Morphology,Mass,Mass,g,Egg,NA,mixed,NA,Const,25,0,-300,300,20,NA,17.79,17.48,2.19089023,30,2.19089023,SE,raw,48,1191.2,1191.300.20,150,17.55,2.19089023,2.19089023,30,25,150,225
36,1191,Guo,1994,Testudines,Geoemydidae,Mauremys,mutica,Mauremys_mutica,Mauremys,mutica,NA,NA,NA,China,pop1,NA,split_pseudo,207,Table 1,Morphology,Mass,Mass,g,Egg,NA,mixed,NA,Const,25,0,-300,300,20,NA,17.79,17.48,2.19089023,30,2.19089023,SE,raw,48,1191.2,1191.300.20,12,17.61,2.409979253,2.409979253,30,25,288,156
37,1191,Guo,1994,Testudines,Geoemydidae,Mauremys,mutica,Mauremys_mutica,Mauremys,mutica,NA,NA,NA,China,pop1,NA,split_pseudo,207,Table 1,Morphology,Mass,Mass,g,Egg,NA,mixed,NA,Const,25,0,-150,150,20,NA,17.79,17.55,2.19089023,30,2.19089023,SE,raw,50,1191.2,1191.150.20,12,17.61,2.409979253,2.409979253,30,25,138,81
38,1191,Guo,1994,Testudines,Geoemydidae,Mauremys,mutica,Mauremys_mutica,Mauremys,mutica,NA,NA,NA,China,pop1,NA,split_pseudo,218,Table 3,Morphology,Mass,Mass,g,Hatchling,0,mixed,NA,Const,25,0,-300,300,21,NA,17.79,11.38,1.9,25,1.9,SE,raw,48,1191.21,1191.300.21,150,11.74,0.899555446,0.899555446,28,25,150,225
39,1191,Guo,1994,Testudines,Geoemydidae,Mauremys,mutica,Mauremys_mutica,Mauremys,mutica,NA,NA,NA,China,pop1,NA,split_pseudo,218,Table 3,Morphology,Mass,Mass,g,Hatchling,0,mixed,NA,Const,25,0,-300,300,21,NA,17.79,11.38,1.9,25,1.9,SE,raw,48,1191.21,1191.300.21,12,11.84,1.351258672,1.351258672,19,25,288,156
40,1191,Guo,1994,Testudines,Geoemydidae,Mauremys,mutica,Mauremys_mutica,Mauremys,mutica,NA,NA,NA,China,pop1,NA,split_pseudo,218,Table 3,Morphology,Mass,Mass,g,Hatchling,0,mixed,NA,Const,25,0,-150,150,21,NA,17.79,11.74,0.899555446,28,0.899555446,SE,raw,50,1191.21,1191.150.21,12,11.84,1.351258672,1.351258672,19,25,138,81
41,1191,Guo,1994,Testudines,Geoemydidae,Mauremys,mutica,Mauremys_mutica,Mauremys,mutica,NA,NA,NA,China,pop1,NA,split_pseudo,207,Table 1,Morphology,Mass,Mass,g,Egg,NA,females,NA,Const,29,0,-300,300,22,NA,17.79,17.04,1.486707772,23,1.486707772,SE,raw,47,1191.22,1191.300.22,150,18.22,1.777104386,1.777104386,29,29,150,225
42,1191,Guo,1994,Testudines,Geoemydidae,Mauremys,mutica,Mauremys_mutica,Mauremys,mutica,NA,NA,NA,China,pop1,NA,split_pseudo,207,Table 1,Morphology,Mass,Mass,g,Egg,NA,females,NA,Const,29,0,-300,300,22,NA,17.79,17.04,1.486707772,23,1.486707772,SE,raw,47,1191.22,1191.300.22,12,20.43,2.390230114,2.390230114,27,29,288,156
43,1191,Guo,1994,Testudines,Geoemydidae,Mauremys,mutica,Mauremys_mutica,Mauremys,mutica,NA,NA,NA,China,pop1,NA,split_pseudo,207,Table 1,Morphology,Mass,Mass,g,Egg,NA,females,NA,Const,29,0,-150,150,22,NA,17.79,18.22,1.777104386,29,1.777104386,SE,raw,51,1191.22,1191.150.22,12,20.43,2.390230114,2.390230114,27,29,138,81
44,1191,Guo,1994,Testudines,Geoemydidae,Mauremys,mutica,Mauremys_mutica,Mauremys,mutica,NA,NA,NA,China,pop1,NA,split_pseudo,207,Table 1,Morphology,Mass,Mass,g,Egg,NA,females,NA,Const,29,0,-300,300,23,NA,17.79,17.4,1.697939928,30,1.697939928,SE,raw,47,1191.23,1191.300.23,150,17.38,1.643167673,1.643167673,30,29,150,225
45,1191,Guo,1994,Testudines,Geoemydidae,Mauremys,mutica,Mauremys_mutica,Mauremys,mutica,NA,NA,NA,China,pop1,NA,split_pseudo,207,Table 1,Morphology,Mass,Mass,g,Egg,NA,females,NA,Const,29,0,-300,300,23,NA,17.79,17.4,1.697939928,30,1.697939928,SE,raw,47,1191.23,1191.300.23,12,17.36,1.752712184,1.752712184,30,29,288,156
46,1191,Guo,1994,Testudines,Geoemydidae,Mauremys,mutica,Mauremys_mutica,Mauremys,mutica,NA,NA,NA,China,pop1,NA,split_pseudo,207,Table 1,Morphology,Mass,Mass,g,Egg,NA,females,NA,Const,29,0,-150,150,23,NA,17.79,17.38,1.643167673,30,1.643167673,SE,raw,51,1191.23,1191.150.23,12,17.36,1.752712184,1.752712184,30,29,138,81
47,1191,Guo,1994,Testudines,Geoemydidae,Mauremys,mutica,Mauremys_mutica,Mauremys,mutica,NA,NA,NA,China,pop1,NA,split_pseudo,218,Table 3,Morphology,Mass,Mass,g,Hatchling,0,females,NA,Const,29,0,-300,300,24,NA,17.79,10.67,1.055082935,23,1.055082935,SE,raw,47,1191.24,1191.300.24,150,10.17,1.023181313,1.023181313,29,29,150,225
48,1191,Guo,1994,Testudines,Geoemydidae,Mauremys,mutica,Mauremys_mutica,Mauremys,mutica,NA,NA,NA,China,pop1,NA,split_pseudo,218,Table 3,Morphology,Mass,Mass,g,Hatchling,0,females,NA,Const,29,0,-300,300,24,NA,17.79,10.67,1.055082935,23,1.055082935,SE,raw,47,1191.24,1191.300.24,12,10.36,0.98726896,0.98726896,27,29,288,156
49,1191,Guo,1994,Testudines,Geoemydidae,Mauremys,mutica,Mauremys_mutica,Mauremys,mutica,NA,NA,NA,China,pop1,NA,split_pseudo,218,Table 3,Morphology,Mass,Mass,g,Hatchling,0,females,NA,Const,29,0,-150,150,24,NA,17.79,10.17,1.023181313,29,1.023181313,SE,raw,51,1191.24,1191.150.24,12,10.36,0.98726896,0.98726896,27,29,138,81
50,1191,Guo,1994,Testudines,Geoemydidae,Mauremys,mutica,Mauremys_mutica,Mauremys,mutica,NA,NA,NA,China,pop1,NA,split_pseudo,207,Table 1,Morphology,Mass,Mass,g,Egg,NA,females,NA,Const,33,0,-300,300,25,NA,17.79,19.04,0.99,9,0.99,SE,raw,46,1191.25,1191.300.25,150,20.04,0.978927985,0.978927985,7,33,150,225
51,1191,Guo,1994,Testudines,Geoemydidae,Mauremys,mutica,Mauremys_mutica,Mauremys,mutica,NA,NA,NA,China,pop1,NA,split_pseudo,207,Table 1,Morphology,Mass,Mass,g,Egg,NA,females,NA,Const,33,0,-300,300,25,NA,17.79,19.04,0.99,9,0.99,SE,raw,46,1191.25,1191.300.25,12,20.75,0.961665222,0.961665222,2,33,288,156
52,1191,Guo,1994,Testudines,Geoemydidae,Mauremys,mutica,Mauremys_mutica,Mauremys,mutica,NA,NA,NA,China,pop1,NA,split_pseudo,207,Table 1,Morphology,Mass,Mass,g,Egg,NA,females,NA,Const,33,0,-150,150,25,NA,17.79,20.04,0.978927985,7,0.978927985,SE,raw,49,1191.25,1191.150.25,12,20.75,0.961665222,0.961665222,2,33,138,81
53,1191,Guo,1994,Testudines,Geoemydidae,Mauremys,mutica,Mauremys_mutica,Mauremys,mutica,NA,NA,NA,China,pop1,NA,split_pseudo,207,Table 1,Morphology,Mass,Mass,g,Egg,NA,females,NA,Const,33,0,-300,300,26,NA,17.79,18.27,1.752712184,30,1.752712184,SE,raw,46,1191.26,1191.300.26,150,18.31,1.588395417,1.588395417,30,33,150,225
54,1191,Guo,1994,Testudines,Geoemydidae,Mauremys,mutica,Mauremys_mutica,Mauremys,mutica,NA,NA,NA,China,pop1,NA,split_pseudo,207,Table 1,Morphology,Mass,Mass,g,Egg,NA,females,NA,Const,33,0,-300,300,26,NA,17.79,18.27,1.752712184,30,1.752712184,SE,raw,46,1191.26,1191.300.26,12,18.28,1.588395417,1.588395417,30,33,288,156
55,1191,Guo,1994,Testudines,Geoemydidae,Mauremys,mutica,Mauremys_mutica,Mauremys,mutica,NA,NA,NA,China,pop1,NA,split_pseudo,207,Table 1,Morphology,Mass,Mass,g,Egg,NA,females,NA,Const,33,0,-150,150,26,NA,17.79,18.31,1.588395417,30,1.588395417,SE,raw,49,1191.26,1191.150.26,12,18.28,1.588395417,1.588395417,30,33,138,81
56,1191,Guo,1994,Testudines,Geoemydidae,Mauremys,mutica,Mauremys_mutica,Mauremys,mutica,NA,NA,NA,China,pop1,NA,split_pseudo,218,Table 3,Morphology,Mass,Mass,g,Hatchling,0,females,NA,Const,33,0,-300,300,27,NA,17.79,10.59,0.75,9,0.75,SE,raw,46,1191.27,1191.300.27,150,9.86,1.084758038,1.084758038,7,33,150,225
57,1191,Guo,1994,Testudines,Geoemydidae,Mauremys,mutica,Mauremys_mutica,Mauremys,mutica,NA,NA,NA,China,pop1,NA,split_pseudo,218,Table 3,Morphology,Mass,Mass,g,Hatchling,0,females,NA,Const,33,0,-300,300,27,NA,17.79,10.59,0.75,9,0.75,SE,raw,46,1191.27,1191.300.27,12,10.79,0.056568542,0.056568542,2,33,288,156
58,1191,Guo,1994,Testudines,Geoemydidae,Mauremys,mutica,Mauremys_mutica,Mauremys,mutica,NA,NA,NA,China,pop1,NA,split_pseudo,218,Table 3,Morphology,Mass,Mass,g,Hatchling,0,females,NA,Const,33,0,-150,150,27,NA,17.79,9.86,1.084758038,7,1.084758038,SE,raw,49,1191.27,1191.150.27,12,10.79,0.056568542,0.056568542,2,33,138,81
59,1194,Hare,2004,Squamata,Scincidae,Oligosoma,suteri,Oligosoma_suteri,Oligosoma,suteri,"Green Island, Coromandel Peninsula",NA,NA, New Zealand,pop1,year1,split_pseudo,387,Table 3,Morphology,Mass,Mass,g,Hatchling,365,mixed,NA,Const,18,0.6,-270,270,10,NA,0.974,0.8,0.829156198,11,0.829156198,SE,raw,7,1194.1,1194.270.10,120,1.28,0.663324958,0.663324958,11,18,150,195
60,1194,Hare,2004,Squamata,Scincidae,Oligosoma,suteri,Oligosoma_suteri,Oligosoma,suteri,"Green Island, Coromandel Peninsula",NA,NA, New Zealand,pop1,year1,split_pseudo,386,Table 2,Morphology,Mass,Mass,g,Hatchling,0,mixed,NA,Const,18,0.6,-270,270,11,NA,0.974,0.73,0.182482876,37,0.182482876,SE,raw,7,1194.11,1194.270.11,120,0.74,2.007311635,2.007311635,37,18,150,195
61,1194,Hare,2004,Squamata,Scincidae,Oligosoma,suteri,Oligosoma_suteri,Oligosoma,suteri,"Green Island, Coromandel Peninsula",NA,NA, New Zealand,pop1,year1,split_pseudo,387,Table 3,Morphology,Mass,Mass,g,Hatchling,365,mixed,NA,Const,22,0.6,-270,270,12,NA,0.974,1.6,1.316358614,48,1.316358614,SE,raw,9,1194.12,1194.270.12,120,2.42,1.454922678,1.454922678,48,22,150,195
62,1194,Hare,2004,Squamata,Scincidae,Oligosoma,suteri,Oligosoma_suteri,Oligosoma,suteri,"Green Island, Coromandel Peninsula",NA,NA, New Zealand,pop1,year1,split_pseudo,386,Table 2,Morphology,Mass,Mass,g,Hatchling,0,mixed,NA,Const,22,0.6,-270,270,13,NA,0.974,0.76,0.212132034,50,0.212132034,SE,raw,9,1194.13,1194.270.13,120,0.77,2.474873734,2.474873734,50,22,150,195
63,1194,Hare,2004,Squamata,Scincidae,Oligosoma,suteri,Oligosoma_suteri,Oligosoma,suteri,"Green Island, Coromandel Peninsula",NA,NA, New Zealand,pop1,year1,split_pseudo,387,Table 3,Morphology,Mass,Mass,g,Hatchling,365,mixed,NA,Const,26,0.6,-270,270,14,NA,0.974,1.87,1.234017828,47,1.234017828,SE,raw,8,1194.14,1194.270.14,120,2.31,1.096904736,1.096904736,47,26,150,195
64,1194,Hare,2004,Squamata,Scincidae,Oligosoma,suteri,Oligosoma_suteri,Oligosoma,suteri,"Green Island, Coromandel Peninsula",NA,NA, New Zealand,pop1,year1,split_pseudo,386,Table 2,Morphology,Mass,Mass,g,Hatchling,0,mixed,NA,Const,26,0.6,-270,270,15,NA,0.974,0.74,0.21,49,0.21,SE,raw,8,1194.15,1194.270.15,120,0.75,1.75,1.75,49,26,150,195
65,1229,Ji,1999,Squamata,Lacertidae,Podarcis,muralis,Podarcis_muralis,Podarcis,muralis,NA,NA, Oviedo,Spain,pop1,1996,other,210,Table 4,Morphology,Mass,Mass,g,Hatchling,0,mixed,NA,Const,26,0.6,-220,220,26,NA,0.32,0.3719,0.021701613,14,0.021701613,SE,adj,73,1229.26,1229.220.26,12,0.3711,0.024409834,0.024409834,19,26,208,116
66,1229,Ji,1999,Squamata,Lacertidae,Podarcis,muralis,Podarcis_muralis,Podarcis,muralis,NA,NA, Oviedo,Spain,pop1,1996,other,210,Table 4,Morphology,Mass,Mass,g,Hatchling,0,mixed,NA,Const,26,0.6,-220,220,26,NA,0.32,0.3719,0.021701613,14,0.021701613,SE,adj,73,1229.26,1229.220.26,12,0.3789,0.032054953,0.032054953,38,26,208,116
67,1229,Ji,1999,Squamata,Lacertidae,Podarcis,muralis,Podarcis_muralis,Podarcis,muralis,NA,NA, Oviedo,Spain,pop1,1996,other,210,Table 4,Morphology,Mass,Mass,g,Hatchling,0,mixed,NA,Const,26,0.6,-220,220,26,NA,0.32,0.3719,0.021701613,14,0.021701613,SE,adj,73,1229.26,1229.220.26,12,0.3711,0.024409834,0.024409834,19,26,208,116
68,1229,Ji,1999,Squamata,Lacertidae,Podarcis,muralis,Podarcis_muralis,Podarcis,muralis,NA,NA, Oviedo,Spain,pop1,1996,other,210,Table 4,Morphology,Mass,Mass,g,Hatchling,0,mixed,NA,Const,26,0.6,-220,220,26,NA,0.32,0.3719,0.021701613,14,0.021701613,SE,adj,73,1229.26,1229.220.26,12,0.3789,0.032054953,0.032054953,38,26,208,116
69,1229,Ji,1999,Squamata,Lacertidae,Podarcis,muralis,Podarcis_muralis,Podarcis,muralis,NA,NA, Oviedo,Spain,pop1,1996,other,210,Table 4,Morphology,Mass,Mass,g,Hatchling,0,mixed,NA,Const,26,0.6,-12,12,26,NA,0.32,0.3711,0.024409834,19,0.024409834,SE,adj,75,1229.26,1229.12.26,12,0.3711,0.024409834,0.024409834,19,26,0,12
70,1229,Ji,1999,Squamata,Lacertidae,Podarcis,muralis,Podarcis_muralis,Podarcis,muralis,NA,NA, Oviedo,Spain,pop1,1996,other,208,Table 3,Morphology,Mass,Mass,g,Hatchling,0,mixed,NA,Const,26,0.6,-12,12,26,NA,0.32,0.3789,0.032054953,38,0.032054953,SE,adj,75,1229.26,1229.12.26,12,0.3789,0.032054953,0.032054953,38,26,0,12
71,1229,Ji,1999,Squamata,Lacertidae,Podarcis,muralis,Podarcis_muralis,Podarcis,muralis,NA,NA, Oviedo,Spain,pop1,1996,other,208,Table 3,Morphology,Mass,Mass,g,Hatchling,0,mixed,NA,Const,29,0.6,-220,220,27,NA,0.32,0.3722,0.020922715,19,0.020922715,SE,adj,74,1229.27,1229.220.27,12,0.3661,0.02574296,0.02574296,30,29,208,116
72,1229,Ji,1999,Squamata,Lacertidae,Podarcis,muralis,Podarcis_muralis,Podarcis,muralis,NA,NA, Oviedo,Spain,pop1,1996,other,208,Table 3,Morphology,Mass,Mass,g,Hatchling,0,mixed,NA,Const,29,0.6,-220,220,27,NA,0.32,0.3722,0.020922715,19,0.020922715,SE,adj,74,1229.27,1229.220.27,0,0.3566,0.026832816,0.026832816,20,29,220,110
73,1229,Ji,1999,Squamata,Lacertidae,Podarcis,muralis,Podarcis_muralis,Podarcis,muralis,NA,NA, Oviedo,Spain,pop1,1996,other,210,Table 4,Morphology,Mass,Mass,g,Hatchling,0,mixed,NA,Const,29,0.6,-12,12,27,NA,0.32,0.3661,0.02574296,30,0.02574296,SE,adj,77,1229.27,1229.12.27,0,0.3566,0.026832816,0.026832816,20,29,12,6
74,1229,Ji,1999,Squamata,Lacertidae,Podarcis,muralis,Podarcis_muralis,Podarcis,muralis,NA,NA, Oviedo,Spain,pop1,1996,other,210,Table 4,Morphology,Mass,Mass,g,Hatchling,0,mixed,NA,Const,32,0.6,-220,220,28,NA,0.32,0.3501,0.022488886,7,0.022488886,SE,adj,72,1229.28,1229.220.28,12,0.3488,0.025328245,0.025328245,22,32,208,116
75,1229,Ji,1999,Squamata,Lacertidae,Podarcis,muralis,Podarcis_muralis,Podarcis,muralis,NA,NA, Oviedo,Spain,pop1,1996,other,210,Table 4,Morphology,Mass,Mass,g,Hatchling,0,mixed,NA,Const,32,0.6,-220,220,28,NA,0.32,0.3501,0.022488886,7,0.022488886,SE,adj,72,1229.28,1229.220.28,0,0.3467,0.024249948,0.024249948,6,32,220,110
76,1229,Ji,1999,Squamata,Lacertidae,Podarcis,muralis,Podarcis_muralis,Podarcis,muralis,NA,NA, Oviedo,Spain,pop1,1996,other,210,Table 4,Morphology,Mass,Mass,g,Hatchling,0,mixed,NA,Const,32,0.6,-12,12,28,NA,0.32,0.3488,0.025328245,22,0.025328245,SE,adj,76,1229.28,1229.12.28,0,0.3467,0.024249948,0.024249948,6,32,12,6
77,1229,Ji,1999,Squamata,Lacertidae,Podarcis,muralis,Podarcis_muralis,Podarcis,muralis,NA,NA, Oviedo,Spain,pop1,1996,other,208,Table 3,Morphology,Mass,Mass,g,Hatchling,0,mixed,NA,Const,32,0.6,-220,220,29,NA,0.32,0.3515,0.022344574,8,0.022344574,SE,adj,72,1229.29,1229.220.29,12,0.3462,0.0258,0.0258,36,32,208,116
78,1229,Ji,1999,Squamata,Lacertidae,Podarcis,muralis,Podarcis_muralis,Podarcis,muralis,NA,NA, Oviedo,Spain,pop1,1996,other,208,Table 3,Morphology,Mass,Mass,g,Hatchling,0,mixed,NA,Const,32,0.6,-220,220,29,NA,0.32,0.3515,0.022344574,8,0.022344574,SE,adj,72,1229.29,1229.220.29,0,0.3399,0.0243,0.0243,9,32,220,110
79,1229,Ji,1999,Squamata,Lacertidae,Podarcis,muralis,Podarcis_muralis,Podarcis,muralis,NA,NA, Oviedo,Spain,pop1,1996,other,208,Table 3,Morphology,Mass,Mass,g,Hatchling,0,mixed,NA,Const,32,0.6,-12,12,29,NA,0.32,0.3462,0.0258,36,0.0258,SE,adj,76,1229.29,1229.12.29,0,0.3399,0.0243,0.0243,9,32,12,6
80,1231,Ji,2001,Squamata,Elapidae,Naja,atra,Naja_atra,Naja,atra,Captive bred, Yiwu and Jiande, Zhejiang, China,pop1,1998,split_pseudo,189,Table 2,Morphology,Mass,Mass,g,Egg,NA,mixed,NA,Const,24,0.6,-220,220,25,NA,16.1,15.4,2.078460969,12,2.078460969,SE,raw,41,1231.25,1231.220.25,0,15.7,2.424871131,2.424871131,3,24,220,110
81,1231,Ji,2001,Squamata,Elapidae,Naja,atra,Naja_atra,Naja,atra,Captive bred, Yiwu and Jiande, Zhejiang, China,pop1,1998,split_pseudo,189,Table 2,Morphology,Mass,Mass,g,Hatchling,0,mixed,NA,Const,24,0.6,-220,220,26,NA,16.1,11.4,1.732050808,12,1.732050808,SE,raw,41,1231.26,1231.220.26,0,11.1,1.732050808,1.732050808,3,24,220,110
82,1231,Ji,2001,Squamata,Elapidae,Naja,atra,Naja_atra,Naja,atra,Captive bred, Yiwu and Jiande, Zhejiang, China,pop1,1998,split_pseudo,189,Table 2,Morphology,Mass,Mass,g,Egg,NA,mixed,NA,Const,26,0.6,-220,220,27,NA,16.1,16,3.117691454,27,3.117691454,SE,raw,42,1231.27,1231.220.27,0,16,2.783882181,2.783882181,31,26,220,110
83,1231,Ji,2001,Squamata,Elapidae,Naja,atra,Naja_atra,Naja,atra,Captive bred, Yiwu and Jiande, Zhejiang, China,pop1,1998,split_pseudo,189,Table 2,Morphology,Mass,Mass,g,Hatchling,0,mixed,NA,Const,26,0.6,-220,220,28,NA,16.1,12.2,2.598076211,27,2.598076211,SE,raw,42,1231.28,1231.220.28,0,12.5,2.227105745,2.227105745,31,26,220,110
84,1231,Ji,2001,Squamata,Elapidae,Naja,atra,Naja_atra,Naja,atra,Captive bred, Yiwu and Jiande, Zhejiang, China,pop1,1998,split_pseudo,189,Table 2,Morphology,Mass,Mass,g,Egg,NA,mixed,NA,Const,30,0.6,-220,220,29,NA,16.1,16,2.738612788,30,2.738612788,SE,raw,44,1231.29,1231.220.29,0,16.3,3.041381265,3.041381265,37,30,220,110
85,1231,Ji,2001,Squamata,Elapidae,Naja,atra,Naja_atra,Naja,atra,Captive bred, Yiwu and Jiande, Zhejiang, China,pop1,1998,split_pseudo,189,Table 2,Morphology,Mass,Mass,g,Hatchling,0,mixed,NA,Const,30,0.6,-220,220,30,NA,16.1,12.6,2.738612788,30,2.738612788,SE,raw,44,1231.3,1231.220.30,0,12.7,2.433105012,2.433105012,37,30,220,110
86,1231,Ji,2001,Squamata,Elapidae,Naja,atra,Naja_atra,Naja,atra,Captive bred, Yiwu and Jiande, Zhejiang, China,pop1,1998,split_pseudo,189,Table 2,Morphology,Mass,Mass,g,Egg,NA,mixed,NA,Const,32,0.6,-220,220,31,NA,16.1,15.1,2.116601049,28,2.116601049,SE,raw,43,1231.31,1231.220.31,0,15.3,2.397915762,2.397915762,23,32,220,110
87,1231,Ji,2001,Squamata,Elapidae,Naja,atra,Naja_atra,Naja,atra,Captive bred, Yiwu and Jiande, Zhejiang, China,pop1,1998,split_pseudo,189,Table 2,Morphology,Mass,Mass,g,Hatchling,0,mixed,NA,Const,32,0.6,-220,220,32,NA,16.1,11.6,2.116601049,28,2.116601049,SE,raw,43,1231.32,1231.220.32,0,11.4,1.918332609,1.918332609,23,32,220,110
88,1232,Ji,2001,Squamata,Colubridae,Elaphe,carinata,Elaphe_carinata,Elaphe,carinata,NA,Lishui and Jiande, Zhejiang, China,pop1,1998,split_pseudo,466,Table 2,Morphology,Carcass mass,Mass,g,Hatchling,0,mixed,NA,Const,24,0.6,-220,220,56,NA,28.1,3.29,0.685857128,24,0.685857128,SE,raw,47,1232.56,1232.220.56,0,3.03,0.634980315,0.634980315,28,24,220,110
89,1232,Ji,2001,Squamata,Colubridae,Elaphe,carinata,Elaphe_carinata,Elaphe,carinata,NA,Lishui and Jiande, Zhejiang, China,pop1,1998,split_pseudo,466,Table 2,Morphology,Carcass mass,Mass,g,Hatchling,0,mixed,NA,Const,26,0.6,-220,220,57,NA,28.3,3.29,0.641560597,21,0.641560597,SE,raw,41,1232.57,1232.220.57,0,3.25,0.634980315,0.634980315,28,26,220,110
90,1232,Ji,2001,Squamata,Colubridae,Elaphe,carinata,Elaphe_carinata,Elaphe,carinata,NA,Lishui and Jiande, Zhejiang, China,pop1,1998,split_pseudo,466,Table 2,Morphology,Carcass mass,Mass,g,Hatchling,0,mixed,NA,Const,30,0.6,-220,220,58,NA,26.8,2.9,0.527541468,23,0.527541468,SE,raw,43,1232.58,1232.220.58,0,3.18,0.699714227,0.699714227,34,30,220,110
91,1232,Ji,2001,Squamata,Colubridae,Elaphe,carinata,Elaphe_carinata,Elaphe,carinata,NA,Lishui and Jiande, Zhejiang, China,pop1,1998,split_pseudo,466,Table 2,Morphology,Carcass mass,Mass,g,Hatchling,0,mixed,NA,Const,32,0.6,-220,220,59,NA,28,2.74,1.10304125,23,1.10304125,SE,raw,44,1232.59,1232.220.59,0,2.69,0.527541468,0.527541468,23,32,220,110
92,1232,Ji,2001,Squamata,Colubridae,Elaphe,carinata,Elaphe_carinata,Elaphe,carinata,NA,Lishui and Jiande, Zhejiang, China,pop1,1998,split_pseudo,466,Table 2,Morphology,Mass,Mass,g,Hatchling,0,mixed,NA,Const,24,0.6,-220,220,76,NA,28.6,20.9,4.409081537,24,4.409081537,SE,raw,48,1232.76,1232.220.76,0,21.3,3.704051835,3.704051835,28,24,220,110
93,1232,Ji,2001,Squamata,Colubridae,Elaphe,carinata,Elaphe_carinata,Elaphe,carinata,NA,Lishui and Jiande, Zhejiang, China,pop1,1998,split_pseudo,466,Table 2,Morphology,Mass,Mass,g,Hatchling,0,mixed,NA,Const,26,0.6,-220,220,77,NA,28,20.9,4.124318125,21,4.124318125,SE,raw,42,1232.77,1232.220.77,0,21.1,3.704051835,3.704051835,28,26,220,110
94,1232,Ji,2001,Squamata,Colubridae,Elaphe,carinata,Elaphe_carinata,Elaphe,carinata,NA,Lishui and Jiande, Zhejiang, China,pop1,1998,split_pseudo,466,Table 2,Morphology,Mass,Mass,g,Hatchling,0,mixed,NA,Const,30,0.6,-220,220,78,NA,29.9,19.4,3.836665219,23,3.836665219,SE,raw,45,1232.78,1232.220.78,0,21.3,4.664761516,4.664761516,34,30,220,110
95,1232,Ji,2001,Squamata,Colubridae,Elaphe,carinata,Elaphe_carinata,Elaphe,carinata,NA,Lishui and Jiande, Zhejiang, China,pop1,1998,split_pseudo,466,Table 2,Morphology,Mass,Mass,g,Hatchling,0,mixed,NA,Const,32,0.6,-220,220,79,NA,28,19.8,3.836665219,23,3.836665219,SE,raw,46,1232.79,1232.220.79,0,20.5,3.836665219,3.836665219,23,32,220,110
96,1270,Lin,1998,Squamata,Lacertidae,Takydromus,septentrionalis,Takydromus_septentrionalis,Takydromus,septentrionalis,NA,NA,NA,NA,pop1,1996,other,443,Table 3,Morphology,Mass,Mass,g,Hatchling,0,mixed,NA,Const,24,0,-220,220,13,NA,0.2464,0.2964,0.024498163,31,0.024498163,SE,adj,46,1270.13,1270.220.13,12,0.305,0.025276076,0.025276076,33,24,208,116
97,1270,Lin,1998,Squamata,Lacertidae,Takydromus,septentrionalis,Takydromus_septentrionalis,Takydromus,septentrionalis,NA,NA,NA,NA,pop1,1996,other,443,Table 3,Morphology,Mass,Mass,g,Hatchling,0,mixed,NA,Const,24,0,-220,220,13,NA,0.2464,0.2964,0.024498163,31,0.024498163,SE,adj,46,1270.13,1270.220.13,0,0.3036,0.022627417,0.022627417,32,24,220,110
98,1270,Lin,1998,Squamata,Lacertidae,Takydromus,septentrionalis,Takydromus_septentrionalis,Takydromus,septentrionalis,NA,NA,NA,NA,pop1,1996,other,443,Table 3,Morphology,Mass,Mass,g,Hatchling,0,mixed,NA,Const,24,0,-12,12,13,NA,0.2464,0.305,0.025276076,33,0.025276076,SE,adj,51,1270.13,1270.12.13,0,0.3036,0.022627417,0.022627417,32,24,12,6
99,1270,Lin,1998,Squamata,Lacertidae,Takydromus,septentrionalis,Takydromus_septentrionalis,Takydromus,septentrionalis,NA,NA,NA,NA,pop1,1996,other,443,Table 3,Morphology,Mass,Mass,g,Hatchling,0,mixed,NA,Const,26,0,-220,220,14,NA,0.2464,0.3057,0.022271057,31,0.022271057,SE,adj,45,1270.14,1270.220.14,12,0.3133,0.017636326,0.017636326,24,26,208,116
100,1270,Lin,1998,Squamata,Lacertidae,Takydromus,septentrionalis,Takydromus_septentrionalis,Takydromus,septentrionalis,NA,NA,NA,NA,pop1,1996,other,443,Table 3,Morphology,Mass,Mass,g,Hatchling,0,mixed,NA,Const,26,0,-220,220,14,NA,0.2464,0.3057,0.022271057,31,0.022271057,SE,adj,45,1270.14,1270.220.14,0,0.3199,0.020463626,0.020463626,29,26,220,110
101,1270,Lin,1998,Squamata,Lacertidae,Takydromus,septentrionalis,Takydromus_septentrionalis,Takydromus,septentrionalis,NA,NA,NA,NA,pop1,1996,other,443,Table 3,Morphology,Mass,Mass,g,Hatchling,0,mixed,NA,Const,26,0,-12,12,14,NA,0.2464,0.3133,0.017636326,24,0.017636326,SE,adj,50,1270.14,1270.12.14,0,0.3199,0.020463626,0.020463626,29,26,12,6
102,1270,Lin,1998,Squamata,Lacertidae,Takydromus,septentrionalis,Takydromus_septentrionalis,Takydromus,septentrionalis,NA,NA,NA,NA,pop1,1996,other,443,Table 3,Morphology,Mass,Mass,g,Hatchling,0,mixed,NA,Const,28,0,-220,220,15,NA,0.2464,0.2714,0.045254834,8,0.045254834,SE,adj,44,1270.15,1270.220.15,12,0.2891,0.030990321,0.030990321,10,28,208,116
103,1270,Lin,1998,Squamata,Lacertidae,Takydromus,septentrionalis,Takydromus_septentrionalis,Takydromus,septentrionalis,NA,NA,NA,NA,pop1,1996,other,443,Table 3,Morphology,Mass,Mass,g,Hatchling,0,mixed,NA,Const,28,0,-220,220,15,NA,0.2464,0.2714,0.045254834,8,0.045254834,SE,adj,44,1270.15,1270.220.15,0,0.3163,0.0342,0.0342,4,28,220,110
104,1270,Lin,1998,Squamata,Lacertidae,Takydromus,septentrionalis,Takydromus_septentrionalis,Takydromus,septentrionalis,NA,NA,NA,NA,pop1,1996,other,443,Table 3,Morphology,Mass,Mass,g,Hatchling,0,mixed,NA,Const,28,0,-12,12,15,NA,0.2464,0.2891,0.030990321,10,0.030990321,SE,adj,48,1270.15,1270.12.15,0,0.3163,0.0342,0.0342,4,28,12,6
105,1460,Tang,2012,Squamata,Agamidae,Phrynocephalus,versicolor,Phrynocephalus_versicolor,Phrynocephalus,versicolor,NA,Linze, Gansu, China,pop2,2011,split_clutch,187,Table 2,Morphology,Mass,Mass,g,Hatchling,0,mixed,NA,Const,26,0.4,-620,620,37,NA,0.51,0.78,0.16583124,11,0.16583124,SE,raw,38,1460.37,1460.620.37,440,0.96,0.12,0.12,16,26,180,530
106,1460,Tang,2012,Squamata,Agamidae,Phrynocephalus,przewalskii,Phrynocephalus_przewalskii,Phrynocephalus,przewalskii,NA,Jingtai, Gansu, China,pop1,2011,split_clutch,187,Table 2,Morphology,Mass,Mass,g,Hatchling,0,mixed,NA,Const,26,0.4,-620,620,38,NA,0.505,0.91,0.152970585,26,0.152970585,SE,raw,38,1460.38,1460.620.38,440,0.81,0.155884573,0.155884573,27,26,180,530
107,1460,Tang,2012,Squamata,Agamidae,Phrynocephalus,versicolor,Phrynocephalus_versicolor,Phrynocephalus,versicolor,NA,Linze, Gansu, China,pop2,2011,split_clutch,187,Table 2,Morphology,Mass,Mass,g,Hatchling,0,mixed,NA,Const,30,0.4,-620,620,39,NA,0.51,0.87,0.112249722,14,0.112249722,SE,raw,39,1460.39,1460.620.39,440,0.98,0.130766968,0.130766968,19,30,180,530
108,1460,Tang,2012,Squamata,Agamidae,Phrynocephalus,przewalskii,Phrynocephalus_przewalskii,Phrynocephalus,przewalskii,NA,Jingtai, Gansu, China,pop1,2011,split_clutch,187,Table 2,Morphology,Mass,Mass,g,Hatchling,0,mixed,NA,Const,30,0.4,-620,620,40,NA,0.505,0.84,0.04472136,20,0.04472136,SE,raw,39,1460.4,1460.620.40,440,0.85,0.046904158,0.046904158,22,30,180,530
109,1460,Tang,2012,Squamata,Agamidae,Phrynocephalus,versicolor,Phrynocephalus_versicolor,Phrynocephalus,versicolor,NA,Linze, Gansu, China,pop2,2011,split_clutch,187,Table 2,Morphology,Mass,Mass,g,Hatchling,0,mixed,NA,Const,34,0.4,-620,620,41,NA,0.51,0.74,0.056568542,8,0.056568542,SE,raw,37,1460.41,1460.620.41,440,0.74,0.08,0.08,4,34,180,530
110,1460,Tang,2012,Squamata,Agamidae,Phrynocephalus,przewalskii,Phrynocephalus_przewalskii,Phrynocephalus,przewalskii,NA,Jingtai, Gansu, China,pop1,2011,split_clutch,187,Table 2,Morphology,Mass,Mass,g,Hatchling,0,mixed,NA,Const,34,0.4,-620,620,42,NA,0.505,0.88,0.16,16,0.16,SE,raw,37,1460.42,1460.620.42,440,0.84,0.123693169,0.123693169,17,34,180,530
111,1539,Ji,2001,Squamata,Scincidae,Plestiodon,chinensis,Plestiodon_chinensis,Plestiodon,chinensis,NA,NA,NA,China,NA,NA,other,259,Table 3,Morphology,Mass,Mass,g,Hatchling,0,mixed,NA,Const,24,0,-220,220,25,NA,0.68,0.6901,0.061021963,68,0.061021963,SE,adj,52,1539.25,1539.220.25,0,0.6761,0.067705022,0.067705022,53,24,220,110
112,1539,Ji,2001,Squamata,Scincidae,Plestiodon,chinensis,Plestiodon_chinensis,Plestiodon,chinensis,NA,NA,NA,China,NA,NA,other,260,Table 3,Morphology,Mass,Mass,g,Hatchling,0,mixed,NA,Const,26,0,-220,220,26,NA,0.68,0.6898,0.059703015,45,0.059703015,SE,adj,49,1539.26,1539.220.26,0,0.6839,0.060930288,0.060930288,66,26,220,110
113,1539,Ji,2001,Squamata,Scincidae,Plestiodon,chinensis,Plestiodon_chinensis,Plestiodon,chinensis,NA,NA,NA,China,NA,NA,other,260,Table 3,Morphology,Mass,Mass,g,Hatchling,0,mixed,NA,Const,30,0,-220,220,27,NA,0.68,0.6773,0.063457702,52,0.063457702,SE,adj,50,1539.27,1539.220.27,0,0.6633,0.063072022,0.063072022,47,30,220,110
114,1539,Ji,2001,Squamata,Scincidae,Plestiodon,chinensis,Plestiodon_chinensis,Plestiodon,chinensis,NA,NA,NA,China,NA,NA,other,260,Table 3,Morphology,Mass,Mass,g,Hatchling,0,mixed,NA,Const,32,0,-220,220,28,NA,0.68,0.6753,0.052548834,58,0.052548834,SE,adj,51,1539.28,1539.220.28,0,0.6769,0.059329588,0.059329588,55,32,220,110
115,1617,Miller,1993,Testudines,Chelydridae,Chelydra,serpentina,Chelydra_serpentina,Chelydra,serpentina,"Valentine National Wildlife Refuge,  Cherry County",NA, Nebraska, USA,NA,1986,split_pseudo,230,Author,Morphology,Body mass,Body mass,g,Hatchling,0,mixed,NA,Const,29,0,-850,850,1,NA,11.36,6.69,0.5455,12,NA,SD,raw,NA,1617.1,1617.850.1,150,8,0.5783,NA,12,29,700,500
116,1617,Miller,1993,Testudines,Chelydridae,Chelydra,serpentina,Chelydra_serpentina,Chelydra,serpentina,"Valentine National Wildlife Refuge,  Cherry County",NA, Nebraska, USA,NA,1986,split_pseudo,230,Author,Morphology,Body mass,Body mass,g,Hatchling,7,mixed,NA,Const,29,0,-850,850,2,NA,11.36,6.38,0.5284,12,NA,SD,raw,NA,1617.2,1617.850.2,150,7.88,0.5482,NA,12,29,700,500
117,1617,Miller,1993,Testudines,Chelydridae,Chelydra,serpentina,Chelydra_serpentina,Chelydra,serpentina,"Valentine National Wildlife Refuge,  Cherry County",NA, Nebraska, USA,NA,1986,split_pseudo,230,Author,Morphology,Body mass,Body mass,g,Hatchling,14,mixed,NA,Const,29,0,-850,850,3,NA,11.36,7.49,0.5261,12,NA,SD,raw,NA,1617.3,1617.850.3,150,8.14,0.4607,NA,12,29,700,500
118,1617,Miller,1993,Testudines,Chelydridae,Chelydra,serpentina,Chelydra_serpentina,Chelydra,serpentina,"Valentine National Wildlife Refuge,  Cherry County",NA, Nebraska, USA,NA,1986,split_pseudo,230,Author,Morphology,Body mass,Body mass,g,Hatchling,50,mixed,NA,Const,29,0,-850,850,4,NA,11.36,8.27,0.6369,12,NA,SD,raw,NA,1617.4,1617.850.4,150,8.97,0.5866,NA,12,29,700,500
119,1651,Verd神-Ricoy ,2014,Squamata,Lacertidae,Psammodromus ,algirus ,Psammodromus_algirus,Psammodromus,algirus,NA,Aranjuez,NA, Spain,pop3,2011,split_pseudo,187,Table 2,Morphology,Mass,Mass,g,Hatchling,30,mixed,NA,Const,24,0,10%,1500,33,-1500,0.4,0.55,0.132287566,7,0.132287566,SE,raw,17,1651.33,1651.1500.33,150,0.67,0.12,0.12,4,24,1350,825
120,1651,Verd神-Ricoy ,2014,Squamata,Lacertidae,Psammodromus ,algirus ,Psammodromus_algirus,Psammodromus,algirus,NA,Torrejoncillo,NA, Spain,pop4,2011,split_pseudo,187,Table 2,Morphology,Mass,Mass,g,Hatchling,30,mixed,NA,Const,24,0,10%,1500,34,-1500,0.4,0.56,0.141421356,8,0.141421356,SE,raw,17,1651.34,1651.1500.34,150,0.56,0.089442719,0.089442719,5,24,1350,825
121,1651,Verd神-Ricoy ,2014,Squamata,Lacertidae,Psammodromus ,algirus ,Psammodromus_algirus,Psammodromus,algirus,NA,Navacerrada,NA, Spain,pop2,2011,split_pseudo,187,Table 2,Morphology,Mass,Mass,g,Hatchling,30,mixed,NA,Const,24,0,10%,1500,35,-1500,0.41,0.77,0.09486833,10,0.09486833,SE,raw,17,1651.35,1651.1500.35,150,0.51,0.06,0.06,9,24,1350,825
122,1651,Verd神-Ricoy ,2014,Squamata,Lacertidae,Psammodromus ,algirus ,Psammodromus_algirus,Psammodromus,algirus,NA,Torrejoncillo,NA, Spain,pop4,2011,split_pseudo,187,Table 2,Morphology,Mass,Mass,g,Hatchling,0,mixed,NA,Const,24,0,10%,1500,36,-1500,0.4,0.47,0.09486833,10,0.09486833,SE,raw,17,1651.36,1651.1500.36,150,0.48,0.06,0.06,9,24,1350,825
123,1651,Verd神-Ricoy ,2014,Squamata,Lacertidae,Psammodromus ,algirus ,Psammodromus_algirus,Psammodromus,algirus,NA,Aranjuez,NA, Spain,pop3,2011,split_pseudo,187,Table 2,Morphology,Mass,Mass,g,Hatchling,0,mixed,NA,Const,24,0,10%,1500,37,-1500,0.4,0.49,0.066332496,11,0.066332496,SE,raw,17,1651.37,1651.1500.37,150,0.84,0.09486833,0.09486833,10,24,1350,825
124,1651,Verd神-Ricoy ,2014,Squamata,Lacertidae,Psammodromus ,algirus ,Psammodromus_algirus,Psammodromus,algirus,NA,El Pardo,NA, Spain,pop1,2011,split_pseudo,187,Table 2,Morphology,Mass,Mass,g,Hatchling,0,mixed,NA,Const,24,0,10%,1500,38,-1500,0.44,0.54,0.072111026,13,0.072111026,SE,raw,17,1651.38,1651.1500.38,150,0.5,0.036055513,0.036055513,13,24,1350,825
125,1651,Verd神-Ricoy ,2014,Squamata,Lacertidae,Psammodromus ,algirus ,Psammodromus_algirus,Psammodromus,algirus,NA,Navacerrada,NA, Spain,pop2,2011,split_pseudo,187,Table 2,Morphology,Mass,Mass,g,Hatchling,0,mixed,NA,Const,24,0,10%,1500,39,-1500,0.41,0.48,0.072111026,13,0.072111026,SE,raw,17,1651.39,1651.1500.39,150,0.89,0.074833148,0.074833148,14,24,1350,825
126,1651,Verd神-Ricoy ,2014,Squamata,Lacertidae,Psammodromus ,algirus ,Psammodromus_algirus,Psammodromus,algirus,NA,El Pardo,NA, Spain,pop1,2011,split_pseudo,187,Table 2,Morphology,Mass,Mass,g,Hatchling,30,mixed,NA,Const,24,0,10%,1500,40,-1500,0.44,0.83,0.180277564,13,0.180277564,SE,raw,17,1651.4,1651.1500.40,150,0.57,0.038729833,0.038729833,15,24,1350,825
127,1651,Verd神-Ricoy ,2014,Squamata,Lacertidae,Psammodromus ,algirus ,Psammodromus_algirus,Psammodromus,algirus,NA,Aranjuez,NA, Spain,pop3,2011,split_pseudo,187,Table 2,Morphology,Mass,Mass,g,Hatchling,0,mixed,NA,Const,32,0,10%,1500,41,-1500,0.4,0.48,0.09,9,0.09,SE,raw,18,1651.41,1651.1500.41,150,0.72,0.141421356,0.141421356,8,32,1350,825
128,1651,Verd神-Ricoy ,2014,Squamata,Lacertidae,Psammodromus ,algirus ,Psammodromus_algirus,Psammodromus,algirus,NA,Aranjuez,NA, Spain,pop3,2011,split_pseudo,187,Table 2,Morphology,Mass,Mass,g,Hatchling,30,mixed,NA,Const,32,0,10%,1500,42,-1500,0.4,0.75,0.15,9,0.15,SE,raw,18,1651.42,1651.1500.42,150,0.51,0.06,0.06,9,32,1350,825
129,1651,Verd神-Ricoy ,2014,Squamata,Lacertidae,Psammodromus ,algirus ,Psammodromus_algirus,Psammodromus,algirus,NA,Torrejoncillo,NA, Spain,pop4,2011,split_pseudo,187,Table 2,Morphology,Mass,Mass,g,Hatchling,30,mixed,NA,Const,32,0,10%,1500,43,-1500,0.4,0.52,0.15,9,0.15,SE,raw,18,1651.43,1651.1500.43,150,0.6,0.09,0.09,9,32,1350,825
130,1651,Verd神-Ricoy ,2014,Squamata,Lacertidae,Psammodromus ,algirus ,Psammodromus_algirus,Psammodromus,algirus,NA,Torrejoncillo,NA, Spain,pop4,2011,split_pseudo,187,Table 2,Morphology,Mass,Mass,g,Hatchling,0,mixed,NA,Const,32,0,10%,1500,44,-1500,0.4,0.43,0.09486833,10,0.09486833,SE,raw,18,1651.44,1651.1500.44,150,0.48,0.063245553,0.063245553,10,32,1350,825
131,1651,Verd神-Ricoy ,2014,Squamata,Lacertidae,Psammodromus ,algirus ,Psammodromus_algirus,Psammodromus,algirus,NA,Navacerrada,NA, Spain,pop2,2011,split_pseudo,187,Table 2,Morphology,Mass,Mass,g,Hatchling,0,mixed,NA,Const,32,0,10%,1500,45,-1500,0.41,0.49,0.066332496,11,0.066332496,SE,raw,18,1651.45,1651.1500.45,150,0.54,0.066332496,0.066332496,11,32,1350,825
132,1651,Verd神-Ricoy ,2014,Squamata,Lacertidae,Psammodromus ,algirus ,Psammodromus_algirus,Psammodromus,algirus,NA,Navacerrada,NA, Spain,pop2,2011,split_pseudo,187,Table 2,Morphology,Mass,Mass,g,Hatchling,30,mixed,NA,Const,32,0,10%,1500,46,-1500,0.41,0.74,0.132664992,11,0.132664992,SE,raw,18,1651.46,1651.1500.46,150,0.73,0.066332496,0.066332496,11,32,1350,825
133,1651,Verd神-Ricoy ,2014,Squamata,Lacertidae,Psammodromus ,algirus ,Psammodromus_algirus,Psammodromus,algirus,NA,El Pardo,NA, Spain,pop1,2011,split_pseudo,187,Table 2,Morphology,Mass,Mass,g,Hatchling,0,mixed,NA,Const,32,0,10%,1500,47,-1500,0.44,0.54,0.04,16,0.04,SE,raw,18,1651.47,1651.1500.47,150,0.92,0.099498744,0.099498744,11,32,1350,825
134,1651,Verd神-Ricoy ,2014,Squamata,Lacertidae,Psammodromus ,algirus ,Psammodromus_algirus,Psammodromus,algirus,NA,El Pardo,NA, Spain,pop1,2011,split_pseudo,187,Table 2,Morphology,Mass,Mass,g,Hatchling,30,mixed,NA,Const,32,0,10%,1500,48,-1500,0.44,0.9,0.16,16,0.16,SE,raw,18,1651.48,1651.1500.48,150,0.49,0.069282032,0.069282032,12,32,1350,825
135,1709,Gatto,2020,Testudines,Cheloniidae,Chelonia,mydas,Chelonia_mydas,Chelonia,mydas,"Heron Island, Queensland, Australia",Melbourne,Victoria,Australia,pop1,2020,split_pseudo,785,Table 2,Morphology,Hatchling mass,Hatchling mass,g,Hatchling,1 or 2,mixed,Frenzy,Const,28,0.1,4%,25,17,-25,49.73,26.18,2.88,20,NA,SD,raw,37,1709.17,1709.25.17,0,26.36,3.14,NA,20,28,25,12.5
136,1709,Gatto,2020,Testudines,Cheloniidae,Chelonia,mydas,Chelonia_mydas,Chelonia,mydas,"Heron Island, Queensland, Australia",Melbourne,Victoria,Australia,pop1,2020,split_pseudo,785,Table 2,Morphology,Hatchling mass,Hatchling mass,g,Hatchling,28,mixed,Post-Frenzy,Const,28,0.1,4%,25,18,-25,49.73,41.98,6.59,20,NA,SD,raw,37,1709.18,1709.25.18,0,41.25,4.37,NA,20,28,25,12.5
137,1709,Gatto,2020,Testudines,Cheloniidae,Lepidochelys,olivacea,Lepidochelys_olivacea,Lepidochelys,olivacea,"Tiwi Islands, Northern Territory, Australia",Melbourne,Victoria,Australia,pop1,2020,split_pseudo,785,Table 2,Morphology,Hatchling mass,Hatchling mass,g,Hatchling,28,mixed,Post-Frenzy,Const,29,0.02,4%,25,19,-25,34,19.38,2.86,38,NA,SD,raw,39,1709.19,1709.25.19,0,19.86,2.55,NA,32,29,25,12.5
138,1709,Gatto,2020,Testudines,Cheloniidae,Lepidochelys,olivacea,Lepidochelys_olivacea,Lepidochelys,olivacea,"Tiwi Islands, Northern Territory, Australia",Melbourne,Victoria,Australia,pop1,2020,split_pseudo,785,Table 2,Morphology,Hatchling mass,Hatchling mass,g,Hatchling,1 or 2,mixed,Frenzy,Const,29,0.02,4%,25,20,-25,34,16.55,1.52,43,NA,SD,raw,39,1709.2,1709.25.20,0,16.42,1.71,NA,37,29,25,12.5
139,1709,Gatto,2020,Testudines,Cheloniidae,Natator,depressus,Natator_depressus,Natator,depressus,"Curtis Island, Queensland, Australia",Melbourne,Victoria,Australia,pop1,2020,split_pseudo,785,Table 2,Morphology,Hatchling mass,Hatchling mass,g,Hatchling,28,mixed,Post-Frenzy,Const,29,0.26,8%,25,21,25,74,61.95,4.52,42,NA,SD,raw,45,1709.21,1709.25.21,0,62.31,4.51,NA,51,29,25,12.5
140,1709,Gatto,2020,Testudines,Cheloniidae,Natator,depressus,Natator_depressus,Natator,depressus,"Curtis Island, Queensland, Australia",Melbourne,Victoria,Australia,pop1,2020,split_pseudo,785,Table 2,Morphology,Hatchling mass,Hatchling mass,g,Hatchling,1 or 2,mixed,Frenzy,Const,29,0.26,8%,25,22,25,74,39.64,2.95,46,NA,SD,raw,45,1709.22,1709.25.22,0,39.88,2.54,NA,52,29,25,12.5
141,1746,Brown,2018,Squamata,Colubridae,Tropidonophis,mairii,Tropidonophis_mairii,Tropidonophis,mairii,"Fogg Dam, Adelaide River",Darwin,Northern Territory,Australia,pop1,2016,"other (eggs from different clutches paired based on mass, pairs split up into wet or dry treatment)",225,Table 1,Morphology,Hatchling mass,Hatchling mass,g,Hatchling,1,mixed,,Const,26.9,0.06,300%,920,1,-920,2.8,2.77,0.246268147,42,0.246268147,SE,raw,2,1746.1,1746.920.1,2,2.2,0.438,0.438,36,26.9,918,461
142,1749,Hall,2021,Squamata,Dactyloidae,Anolis,sagrei,Anolis_sagrei,Anolis,sagrei,Guana Tolomato Matanzas National Estuarine Research Reserve,Palm Coast,Florida,USA,pop1,2021,Independent_pseudo,Supplementary Information,Table S1 (supplementary),Morphology,Mass,Mass,g,Hatchling,0,mixed,sand/shell substrate,Fluct,26.3,4.8,-117,117,4,NA,0.142,0.1856,0.02676,36,NA,SD,raw,24,1749.4,1749.117.4,100,0.1841,0.02589,NA,41,26.3,17,108.5
143,1749,Hall,2021,Squamata,Dactyloidae,Anolis,sagrei,Anolis_sagrei,Anolis,sagrei,Guana Tolomato Matanzas National Estuarine Research Reserve,Palm Coast,Florida,USA,pop1,2021,Independent_pseudo,Supplementary Information,Table S1 (supplementary),Morphology,Mass,Mass,g,Hatchling,0,mixed,sand/shell substrate,Fluct,26.3,4.8,-117,117,4,NA,0.142,0.1856,0.02676,36,NA,SD,raw,24,1749.4,1749.117.4,40,0.1948,0.02588,NA,43,26.3,77,78.5
144,1749,Hall,2021,Squamata,Dactyloidae,Anolis,sagrei,Anolis_sagrei,Anolis,sagrei,Guana Tolomato Matanzas National Estuarine Research Reserve,Palm Coast,Florida,USA,pop1,2021,Independent_pseudo,Supplementary Information,Table S1 (supplementary),Morphology,Mass,Mass,g,Hatchling,0,mixed,sand/shell substrate,Fluct,26.3,4.8,-117,117,4,NA,0.142,0.1856,0.02676,36,NA,SD,raw,24,1749.4,1749.117.4,33,0.1928,0.02426,NA,35,26.3,84,75
145,1749,Hall,2021,Squamata,Dactyloidae,Anolis,sagrei,Anolis_sagrei,Anolis,sagrei,Guana Tolomato Matanzas National Estuarine Research Reserve,Palm Coast,Florida,USA,pop1,2021,Independent_pseudo,Supplementary Information,Table S1 (supplementary),Morphology,Mass,Mass,g,Hatchling,0,mixed,sand/shell substrate,Fluct,26.3,4.8,-117,117,4,NA,0.142,0.1856,0.02676,36,NA,SD,raw,24,1749.4,1749.117.4,30,0.1874,0.02722,NA,44,26.3,87,73.5
146,1749,Hall,2021,Squamata,Dactyloidae,Anolis,sagrei,Anolis_sagrei,Anolis,sagrei,Guana Tolomato Matanzas National Estuarine Research Reserve,Palm Coast,Florida,USA,pop1,2021,Independent_pseudo,Supplementary Information,Table S1 (supplementary),Morphology,Mass,Mass,g,Hatchling,0,mixed,dark organic soil substrate,Fluct,26.3,4.8,-100,100,4,NA,0.142,0.1841,0.02589,41,NA,SD,raw,25,1749.4,1749.100.4,40,0.1948,0.02588,NA,43,26.3,60,70
147,1749,Hall,2021,Squamata,Dactyloidae,Anolis,sagrei,Anolis_sagrei,Anolis,sagrei,Guana Tolomato Matanzas National Estuarine Research Reserve,Palm Coast,Florida,USA,pop1,2021,Independent_pseudo,Supplementary Information,Table S1 (supplementary),Morphology,Mass,Mass,g,Hatchling,0,mixed,dark organic soil substrate,Fluct,26.3,4.8,-100,100,4,NA,0.142,0.1841,0.02589,41,NA,SD,raw,25,1749.4,1749.100.4,33,0.1928,0.02426,NA,35,26.3,67,66.5
148,1749,Hall,2021,Squamata,Dactyloidae,Anolis,sagrei,Anolis_sagrei,Anolis,sagrei,Guana Tolomato Matanzas National Estuarine Research Reserve,Palm Coast,Florida,USA,pop1,2021,Independent_pseudo,Supplementary Information,Table S1 (supplementary),Morphology,Mass,Mass,g,Hatchling,0,mixed,dark organic soil substrate,Fluct,26.3,4.8,-100,100,4,NA,0.142,0.1841,0.02589,41,NA,SD,raw,25,1749.4,1749.100.4,30,0.1874,0.02722,NA,44,26.3,70,65
149,1749,Hall,2021,Squamata,Dactyloidae,Anolis,sagrei,Anolis_sagrei,Anolis,sagrei,Guana Tolomato Matanzas National Estuarine Research Reserve,Palm Coast,Florida,USA,pop1,2021,Independent_pseudo,Supplementary Information,Table S1 (supplementary),Morphology,Mass,Mass,g,Hatchling,0,mixed,dark organic soil substrate,Fluct,26.3,4.8,-40,40,4,NA,0.142,0.1948,0.02588,43,NA,SD,raw,26,1749.4,1749.40.4,33,0.1928,0.02426,NA,35,26.3,7,36.5
150,1749,Hall,2021,Squamata,Dactyloidae,Anolis,sagrei,Anolis_sagrei,Anolis,sagrei,Guana Tolomato Matanzas National Estuarine Research Reserve,Palm Coast,Florida,USA,pop1,2021,Independent_pseudo,Supplementary Information,Table S1 (supplementary),Morphology,Mass,Mass,g,Hatchling,0,mixed,dark organic soil substrate,Fluct,26.3,4.8,-40,40,4,NA,0.142,0.1948,0.02588,43,NA,SD,raw,26,1749.4,1749.40.4,30,0.1874,0.02722,NA,44,26.3,10,35
151,1749,Hall,2021,Squamata,Dactyloidae,Anolis,sagrei,Anolis_sagrei,Anolis,sagrei,Guana Tolomato Matanzas National Estuarine Research Reserve,Palm Coast,Florida,USA,pop1,2021,Independent_pseudo,Supplementary Information,Table S1 (supplementary),Morphology,Mass,Mass,g,Hatchling,0,mixed,dark organic soil substrate,Fluct,26.3,4.8,-33,33,4,NA,0.142,0.1928,0.02426,35,NA,SD,raw,27,1749.4,1749.33.4,30,0.1874,0.02722,NA,44,26.3,3,31.5
152,1750,Janzen,1993,Testudines,Cryptodira,Chelydra,serpentina,Chelydra_serpentina,Chelydra,serpentina,National Widlife Refuge,Whiteside County,Illinois,USA,pop1,1992,Split_pseudo,335,Table 1,Morphology,Hatchling mass,Hatchling mass,g,Hatchling,0,mixed,,Const,27.5,0,-950,950,4,NA,12.54,7.6,1.24,57,NA,SD,raw,7,1750.4,1750.950.4,150,8.63,1.38,NA,55,27.5,800,550
153,1751,Warner,2001,Squamata,Phrynosomatidae,Sceloporus,undulatus,Sceloporus_undulatus,Sceloporous,undulatus,Brush Mountain,Blacksburg,Virginia,USA,pop1,1999,Split_pseudo,113,Table 2,Morphology,Body mass,Body mass,g,Hatchling,0,mixed,,Const,28,0,-530,530,1,NA,0.3785,0.5376,0.012372954,21,0.012372954,SE,raw,1,1751.1,1751.530.1,150,0.5501,0.011914697,0.011914697,21,28,380,340
154,1751,Warner,2001,Squamata,Phrynosomatidae,Sceloporus,undulatus,Sceloporus_undulatus,Sceloporous,undulatus,Brush Mountain,Blacksburg,Virginia,USA,pop1,1999,Split_pseudo,113,Table 2,Morphology,Body mass,Body mass,g,Hatchling,9,mixed,,Const,28,0,-530,530,2,NA,0.3785,0.6789,0.069196893,21,0.069196893,SE,raw,1,1751.2,1751.530.2,150,0.6892,0.066905605,0.066905605,21,28,380,340
155,1753,Wei,2021,Testudines,Geoemydidae,Mauremys,reevessii,Mauremys_reevesii,Mauremys,reevesii,Guangdong Lvca Industry Co.,Boluo,Guangdong,China,pop1,2017,other,7,Figure 1,Morphology,Body mass,Body mass,g,Hatchling,30,mixed,,Const,23,1,50%,300,1,-300,10.2,4.15,0.455,14,NA,SD,raw,NA,1753.1,1753.300.1,142,4.09,0.79,NA,18,23,158,221
156,1753,Wei,2021,Testudines,Geoemydidae,Mauremys,reevessii,Mauremys_reevesii,Mauremys,reevesii,Guangdong Lvca Industry Co.,Boluo,Guangdong,China,pop1,2017,other,7,Figure 1,Morphology,Body mass,Body mass,g,Hatchling,30,mixed,,Const,23,1,50%,300,1,-300,10.2,4.15,0.455,14,NA,SD,raw,NA,1753.1,1753.300.1,85,4.61,0.67,NA,13,23,215,192.5
157,1753,Wei,2021,Testudines,Geoemydidae,Mauremys,reevessii,Mauremys_reevesii,Mauremys,reevesii,Guangdong Lvca Industry Co.,Boluo,Guangdong,China,pop1,2017,other,7,Figure 1,Morphology,Body mass,Body mass,g,Hatchling,30,mixed,,Const,23,1,90%,142,1,-142,10.2,4.09,0.79,18,NA,SD,raw,NA,1753.1,1753.142.1,85,4.61,0.67,NA,13,23,57,113.5
158,1753,Wei,2021,Testudines,Geoemydidae,Mauremys,reevessii,Mauremys_reevesii,Mauremys,reevesii,Guangdong Lvca Industry Co.,Boluo,Guangdong,China,pop1,2017,other,7,Figure 2,Morphology,Body mass,Body mass,g,Hatchling,60,mixed,,Const,29,1,50%,300,10,-300,10.2,4.67,1.39,16,NA,SD,raw,NA,1753.1,1753.300.10,142,5.69,1.51,NA,23,29,158,221
159,1753,Wei,2021,Testudines,Geoemydidae,Mauremys,reevessii,Mauremys_reevesii,Mauremys,reevesii,Guangdong Lvca Industry Co.,Boluo,Guangdong,China,pop1,2017,other,7,Figure 2,Morphology,Body mass,Body mass,g,Hatchling,60,mixed,,Const,29,1,50%,300,10,-300,10.2,4.67,1.39,16,NA,SD,raw,NA,1753.1,1753.300.10,85,5.87,1.58,NA,29,29,215,192.5
160,1753,Wei,2021,Testudines,Geoemydidae,Mauremys,reevessii,Mauremys_reevesii,Mauremys,reevesii,Guangdong Lvca Industry Co.,Boluo,Guangdong,China,pop1,2017,other,7,Figure 2,Morphology,Body mass,Body mass,g,Hatchling,60,mixed,,Const,29,1,90%,142,10,-142,10.2,5.69,1.51,23,NA,SD,raw,NA,1753.1,1753.142.10,85,5.87,1.58,NA,29,29,57,113.5
161,1753,Wei,2021,Testudines,Geoemydidae,Mauremys,reevessii,Mauremys_reevesii,Mauremys,reevesii,Guangdong Lvca Industry Co.,Boluo,Guangdong,China,pop1,2017,other,8,Figure 3,Morphology,Body mass,Body mass,g,Hatchling,90,mixed,,Const,29,1,50%,300,11,-300,10.2,6.08,1.87,16,NA,SD,raw,NA,1753.11,1753.300.11,142,7.53,2.18,NA,23,29,158,221
162,1753,Wei,2021,Testudines,Geoemydidae,Mauremys,reevessii,Mauremys_reevesii,Mauremys,reevesii,Guangdong Lvca Industry Co.,Boluo,Guangdong,China,pop1,2017,other,8,Figure 3,Morphology,Body mass,Body mass,g,Hatchling,90,mixed,,Const,29,1,50%,300,11,-300,10.2,6.08,1.87,16,NA,SD,raw,NA,1753.11,1753.300.11,85,8.05,2.49,NA,29,29,215,192.5
163,1753,Wei,2021,Testudines,Geoemydidae,Mauremys,reevessii,Mauremys_reevesii,Mauremys,reevesii,Guangdong Lvca Industry Co.,Boluo,Guangdong,China,pop1,2017,other,8,Figure 3,Morphology,Body mass,Body mass,g,Hatchling,90,mixed,,Const,29,1,90%,142,11,-142,10.2,7.53,2.18,23,NA,SD,raw,NA,1753.11,1753.142.11,85,8.05,2.49,NA,29,29,57,113.5
164,1753,Wei,2021,Testudines,Geoemydidae,Mauremys,reevessii,Mauremys_reevesii,Mauremys,reevesii,Guangdong Lvca Industry Co.,Boluo,Guangdong,China,pop1,2017,other,8,Figure 4,Morphology,Body mass,Body mass,g,Hatchling,365,mixed,,Const,29,1,50%,300,12,-300,10.2,40.91,8.48,16,NA,SD,raw,NA,1753.12,1753.300.12,142,37.88,10.91,NA,23,29,158,221
165,1753,Wei,2021,Testudines,Geoemydidae,Mauremys,reevessii,Mauremys_reevesii,Mauremys,reevesii,Guangdong Lvca Industry Co.,Boluo,Guangdong,China,pop1,2017,other,8,Figure 4,Morphology,Body mass,Body mass,g,Hatchling,365,mixed,,Const,29,1,50%,300,12,-300,10.2,40.91,8.48,16,NA,SD,raw,NA,1753.12,1753.300.12,85,43.64,14.24,NA,29,29,215,192.5
166,1753,Wei,2021,Testudines,Geoemydidae,Mauremys,reevessii,Mauremys_reevesii,Mauremys,reevesii,Guangdong Lvca Industry Co.,Boluo,Guangdong,China,pop1,2017,other,8,Figure 4,Morphology,Body mass,Body mass,g,Hatchling,365,mixed,,Const,29,1,90%,142,12,-142,10.2,37.88,10.91,23,NA,SD,raw,NA,1753.12,1753.142.12,85,43.64,14.24,NA,29,29,57,113.5
167,1753,Wei,2021,Testudines,Geoemydidae,Mauremys,reevessii,Mauremys_reevesii,Mauremys,reevesii,Guangdong Lvca Industry Co.,Boluo,Guangdong,China,pop1,2017,other,7,Figure 1,Morphology,Body mass,Body mass,g,Hatchling,30,mixed,,Const,32,1,50%,300,13,-300,10.2,4.3,0.7,13,NA,SD,raw,NA,1753.13,1753.300.13,142,4.27,0.73,NA,14,32,158,221
168,1753,Wei,2021,Testudines,Geoemydidae,Mauremys,reevessii,Mauremys_reevesii,Mauremys,reevesii,Guangdong Lvca Industry Co.,Boluo,Guangdong,China,pop1,2017,other,7,Figure 1,Morphology,Body mass,Body mass,g,Hatchling,30,mixed,,Const,32,1,50%,300,13,-300,10.2,4.3,0.7,13,NA,SD,raw,NA,1753.13,1753.300.13,85,4.52,0.85,NA,8,32,215,192.5
169,1753,Wei,2021,Testudines,Geoemydidae,Mauremys,reevessii,Mauremys_reevesii,Mauremys,reevesii,Guangdong Lvca Industry Co.,Boluo,Guangdong,China,pop1,2017,other,7,Figure 1,Morphology,Body mass,Body mass,g,Hatchling,30,mixed,,Const,32,1,90%,142,13,-142,10.2,4.27,0.73,14,NA,SD,raw,NA,1753.13,1753.142.13,85,4.52,0.85,NA,8,32,57,113.5
170,1753,Wei,2021,Testudines,Geoemydidae,Mauremys,reevessii,Mauremys_reevesii,Mauremys,reevesii,Guangdong Lvca Industry Co.,Boluo,Guangdong,China,pop1,2017,other,7,Figure 2,Morphology,Body mass,Body mass,g,Hatchling,60,mixed,,Const,32,1,50%,300,14,-300,10.2,5.57,1.32,13,NA,SD,raw,NA,1753.14,1753.300.14,142,5.87,1.17,NA,14,32,158,221
171,1753,Wei,2021,Testudines,Geoemydidae,Mauremys,reevessii,Mauremys_reevesii,Mauremys,reevesii,Guangdong Lvca Industry Co.,Boluo,Guangdong,China,pop1,2017,other,7,Figure 2,Morphology,Body mass,Body mass,g,Hatchling,60,mixed,,Const,32,1,50%,300,14,-300,10.2,5.57,1.32,13,NA,SD,raw,NA,1753.14,1753.300.14,85,5.99,1.58,NA,8,32,215,192.5
172,1753,Wei,2021,Testudines,Geoemydidae,Mauremys,reevessii,Mauremys_reevesii,Mauremys,reevesii,Guangdong Lvca Industry Co.,Boluo,Guangdong,China,pop1,2017,other,7,Figure 2,Morphology,Body mass,Body mass,g,Hatchling,60,mixed,,Const,32,1,90%,142,14,-142,10.2,5.87,1.17,14,NA,SD,raw,NA,1753.14,1753.142.14,85,5.99,1.58,NA,8,32,57,113.5
173,1753,Wei,2021,Testudines,Geoemydidae,Mauremys,reevessii,Mauremys_reevesii,Mauremys,reevesii,Guangdong Lvca Industry Co.,Boluo,Guangdong,China,pop1,2017,other,8,Figure 3,Morphology,Body mass,Body mass,g,Hatchling,90,mixed,,Const,32,1,50%,300,15,-300,10.2,7.17,2.44,13,NA,SD,raw,NA,1753.15,1753.300.15,142,8.16,1.66,NA,14,32,158,221
174,1753,Wei,2021,Testudines,Geoemydidae,Mauremys,reevessii,Mauremys_reevesii,Mauremys,reevesii,Guangdong Lvca Industry Co.,Boluo,Guangdong,China,pop1,2017,other,8,Figure 3,Morphology,Body mass,Body mass,g,Hatchling,90,mixed,,Const,32,1,50%,300,15,-300,10.2,7.17,2.44,13,NA,SD,raw,NA,1753.15,1753.300.15,85,7.79,2.7,NA,8,32,215,192.5
175,1753,Wei,2021,Testudines,Geoemydidae,Mauremys,reevessii,Mauremys_reevesii,Mauremys,reevesii,Guangdong Lvca Industry Co.,Boluo,Guangdong,China,pop1,2017,other,8,Figure 3,Morphology,Body mass,Body mass,g,Hatchling,90,mixed,,Const,32,1,90%,142,15,-142,10.2,8.16,1.66,14,NA,SD,raw,NA,1753.15,1753.142.15,85,7.79,2.7,NA,8,32,57,113.5
176,1753,Wei,2021,Testudines,Geoemydidae,Mauremys,reevessii,Mauremys_reevesii,Mauremys,reevesii,Guangdong Lvca Industry Co.,Boluo,Guangdong,China,pop1,2017,other,8,Figure 4,Morphology,Body mass,Body mass,g,Hatchling,365,mixed,,Const,32,1,50%,300,16,-300,10.2,39.7,23.33,13,NA,SD,raw,NA,1753.16,1753.300.16,142,46.67,13.03,NA,14,32,158,221
177,1753,Wei,2021,Testudines,Geoemydidae,Mauremys,reevessii,Mauremys_reevesii,Mauremys,reevesii,Guangdong Lvca Industry Co.,Boluo,Guangdong,China,pop1,2017,other,8,Figure 4,Morphology,Body mass,Body mass,g,Hatchling,365,mixed,,Const,32,1,50%,300,16,-300,10.2,39.7,23.33,13,NA,SD,raw,NA,1753.16,1753.300.16,85,35.45,15.15,NA,8,32,215,192.5
178,1753,Wei,2021,Testudines,Geoemydidae,Mauremys,reevessii,Mauremys_reevesii,Mauremys,reevesii,Guangdong Lvca Industry Co.,Boluo,Guangdong,China,pop1,2017,other,8,Figure 4,Morphology,Body mass,Body mass,g,Hatchling,365,mixed,,Const,32,1,90%,142,16,-142,10.2,46.67,13.03,14,NA,SD,raw,NA,1753.16,1753.142.16,85,35.45,15.15,NA,8,32,57,113.5
179,1753,Wei,2021,Testudines,Geoemydidae,Mauremys,reevessii,Mauremys_reevesii,Mauremys,reevesii,Guangdong Lvca Industry Co.,Boluo,Guangdong,China,pop1,2017,other,7,Figure 2,Morphology,Body mass,Body mass,g,Hatchling,60,mixed,,Const,23,1,50%,300,2,-300,10.2,5.99,0.72,14,NA,SD,raw,NA,1753.2,1753.300.2,142,5.91,1.47,NA,18,23,158,221
180,1753,Wei,2021,Testudines,Geoemydidae,Mauremys,reevessii,Mauremys_reevesii,Mauremys,reevesii,Guangdong Lvca Industry Co.,Boluo,Guangdong,China,pop1,2017,other,7,Figure 2,Morphology,Body mass,Body mass,g,Hatchling,60,mixed,,Const,23,1,50%,300,2,-300,10.2,5.99,0.72,14,NA,SD,raw,NA,1753.2,1753.300.2,85,6.33,1.39,NA,13,23,215,192.5
181,1753,Wei,2021,Testudines,Geoemydidae,Mauremys,reevessii,Mauremys_reevesii,Mauremys,reevesii,Guangdong Lvca Industry Co.,Boluo,Guangdong,China,pop1,2017,other,7,Figure 2,Morphology,Body mass,Body mass,g,Hatchling,60,mixed,,Const,23,1,90%,142,2,-142,10.2,5.91,1.47,18,NA,SD,raw,NA,1753.2,1753.142.2,85,6.33,1.39,NA,13,23,57,113.5
182,1753,Wei,2021,Testudines,Geoemydidae,Mauremys,reevessii,Mauremys_reevesii,Mauremys,reevesii,Guangdong Lvca Industry Co.,Boluo,Guangdong,China,pop1,2017,other,8,Figure 3,Morphology,Body mass,Body mass,g,Hatchling,90,mixed,,Const,23,1,50%,300,3,-300,10.2,8.36,0.99,14,NA,SD,raw,NA,1753.3,1753.300.3,142,8.42,2.6,NA,18,23,158,221
183,1753,Wei,2021,Testudines,Geoemydidae,Mauremys,reevessii,Mauremys_reevesii,Mauremys,reevesii,Guangdong Lvca Industry Co.,Boluo,Guangdong,China,pop1,2017,other,8,Figure 3,Morphology,Body mass,Body mass,g,Hatchling,90,mixed,,Const,23,1,50%,300,3,-300,10.2,8.36,0.99,14,NA,SD,raw,NA,1753.3,1753.300.3,85,8.62,2.29,NA,13,23,215,192.5
184,1753,Wei,2021,Testudines,Geoemydidae,Mauremys,reevessii,Mauremys_reevesii,Mauremys,reevesii,Guangdong Lvca Industry Co.,Boluo,Guangdong,China,pop1,2017,other,8,Figure 3,Morphology,Body mass,Body mass,g,Hatchling,90,mixed,,Const,23,1,90%,142,3,-142,10.2,8.42,2.6,18,NA,SD,raw,NA,1753.3,1753.142.3,85,8.62,2.29,NA,13,23,57,113.5
185,1753,Wei,2021,Testudines,Geoemydidae,Mauremys,reevessii,Mauremys_reevesii,Mauremys,reevesii,Guangdong Lvca Industry Co.,Boluo,Guangdong,China,pop1,2017,other,8,Figure 4,Morphology,Body mass,Body mass,g,Hatchling,365,mixed,,Const,23,1,50%,300,4,-300,10.2,46.97,13.03,14,NA,SD,raw,NA,1753.4,1753.300.4,142,42.73,10,NA,18,23,158,221
186,1753,Wei,2021,Testudines,Geoemydidae,Mauremys,reevessii,Mauremys_reevesii,Mauremys,reevesii,Guangdong Lvca Industry Co.,Boluo,Guangdong,China,pop1,2017,other,8,Figure 4,Morphology,Body mass,Body mass,g,Hatchling,365,mixed,,Const,23,1,50%,300,4,-300,10.2,46.97,13.03,14,NA,SD,raw,NA,1753.4,1753.300.4,85,44.85,10.91,NA,13,23,215,192.5
187,1753,Wei,2021,Testudines,Geoemydidae,Mauremys,reevessii,Mauremys_reevesii,Mauremys,reevesii,Guangdong Lvca Industry Co.,Boluo,Guangdong,China,pop1,2017,other,8,Figure 4,Morphology,Body mass,Body mass,g,Hatchling,365,mixed,,Const,23,1,90%,142,4,-142,10.2,42.73,10,18,NA,SD,raw,NA,1753.4,1753.142.4,85,44.85,10.91,NA,13,23,57,113.5
188,1753,Wei,2021,Testudines,Geoemydidae,Mauremys,reevessii,Mauremys_reevesii,Mauremys,reevesii,Guangdong Lvca Industry Co.,Boluo,Guangdong,China,pop1,2017,other,7,Figure 1,Morphology,Body mass,Body mass,g,Hatchling,30,mixed,,Const,26,1,50%,300,5,-300,10.2,4.21,0.76,19,NA,SD,raw,NA,1753.5,1753.300.5,142,3.73,0.55,NA,14,26,158,221
189,1753,Wei,2021,Testudines,Geoemydidae,Mauremys,reevessii,Mauremys_reevesii,Mauremys,reevesii,Guangdong Lvca Industry Co.,Boluo,Guangdong,China,pop1,2017,other,7,Figure 1,Morphology,Body mass,Body mass,g,Hatchling,30,mixed,,Const,26,1,50%,300,5,-300,10.2,4.21,0.76,19,NA,SD,raw,NA,1753.5,1753.300.5,85,4.15,0.67,NA,22,26,215,192.5
190,1753,Wei,2021,Testudines,Geoemydidae,Mauremys,reevessii,Mauremys_reevesii,Mauremys,reevesii,Guangdong Lvca Industry Co.,Boluo,Guangdong,China,pop1,2017,other,7,Figure 1,Morphology,Body mass,Body mass,g,Hatchling,30,mixed,,Const,26,1,90%,142,5,-142,10.2,3.73,0.55,14,NA,SD,raw,NA,1753.5,1753.142.5,85,4.15,0.67,NA,22,26,57,113.5
191,1753,Wei,2021,Testudines,Geoemydidae,Mauremys,reevessii,Mauremys_reevesii,Mauremys,reevesii,Guangdong Lvca Industry Co.,Boluo,Guangdong,China,pop1,2017,other,7,Figure 2,Morphology,Body mass,Body mass,g,Hatchling,60,mixed,,Const,26,1,50%,300,6,-300,10.2,6.63,1.32,19,NA,SD,raw,NA,1753.6,1753.300.6,142,5.91,1.02,NA,14,26,158,221
192,1753,Wei,2021,Testudines,Geoemydidae,Mauremys,reevessii,Mauremys_reevesii,Mauremys,reevesii,Guangdong Lvca Industry Co.,Boluo,Guangdong,China,pop1,2017,other,7,Figure 2,Morphology,Body mass,Body mass,g,Hatchling,60,mixed,,Const,26,1,50%,300,6,-300,10.2,6.63,1.32,19,NA,SD,raw,NA,1753.6,1753.300.6,85,6.4,1.17,NA,22,26,215,192.5
193,1753,Wei,2021,Testudines,Geoemydidae,Mauremys,reevessii,Mauremys_reevesii,Mauremys,reevesii,Guangdong Lvca Industry Co.,Boluo,Guangdong,China,pop1,2017,other,7,Figure 2,Morphology,Body mass,Body mass,g,Hatchling,60,mixed,,Const,26,1,90%,142,6,-142,10.2,5.91,1.02,14,NA,SD,raw,NA,1753.6,1753.142.6,85,6.4,1.17,NA,22,26,57,113.5
194,1753,Wei,2021,Testudines,Geoemydidae,Mauremys,reevessii,Mauremys_reevesii,Mauremys,reevesii,Guangdong Lvca Industry Co.,Boluo,Guangdong,China,pop1,2017,other,8,Figure 3,Morphology,Body mass,Body mass,g,Hatchling,90,mixed,,Const,26,1,50%,300,7,-300,10.2,8.31,1.51,19,NA,SD,raw,NA,1753.7,1753.300.7,142,7.27,1.51,NA,14,26,158,221
195,1753,Wei,2021,Testudines,Geoemydidae,Mauremys,reevessii,Mauremys_reevesii,Mauremys,reevesii,Guangdong Lvca Industry Co.,Boluo,Guangdong,China,pop1,2017,other,8,Figure 3,Morphology,Body mass,Body mass,g,Hatchling,90,mixed,,Const,26,1,50%,300,7,-300,10.2,8.31,1.51,19,NA,SD,raw,NA,1753.7,1753.300.7,85,7.79,1.56,NA,22,26,215,192.5
196,1753,Wei,2021,Testudines,Geoemydidae,Mauremys,reevessii,Mauremys_reevesii,Mauremys,reevesii,Guangdong Lvca Industry Co.,Boluo,Guangdong,China,pop1,2017,other,8,Figure 3,Morphology,Body mass,Body mass,g,Hatchling,90,mixed,,Const,26,1,90%,142,7,-142,10.2,7.27,1.51,14,NA,SD,raw,NA,1753.7,1753.142.7,85,7.79,1.56,NA,22,26,57,113.5
197,1753,Wei,2021,Testudines,Geoemydidae,Mauremys,reevessii,Mauremys_reevesii,Mauremys,reevesii,Guangdong Lvca Industry Co.,Boluo,Guangdong,China,pop1,2017,other,8,Figure 4,Morphology,Body mass,Body mass,g,Hatchling,365,mixed,,Const,26,1,50%,300,8,-300,10.2,45.15,9.39,19,NA,SD,raw,NA,1753.8,1753.300.8,142,40.91,12.12,NA,14,26,158,221
198,1753,Wei,2021,Testudines,Geoemydidae,Mauremys,reevessii,Mauremys_reevesii,Mauremys,reevesii,Guangdong Lvca Industry Co.,Boluo,Guangdong,China,pop1,2017,other,8,Figure 4,Morphology,Body mass,Body mass,g,Hatchling,365,mixed,,Const,26,1,50%,300,8,-300,10.2,45.15,9.39,19,NA,SD,raw,NA,1753.8,1753.300.8,85,41.21,11.21,NA,22,26,215,192.5
199,1753,Wei,2021,Testudines,Geoemydidae,Mauremys,reevessii,Mauremys_reevesii,Mauremys,reevesii,Guangdong Lvca Industry Co.,Boluo,Guangdong,China,pop1,2017,other,8,Figure 4,Morphology,Body mass,Body mass,g,Hatchling,365,mixed,,Const,26,1,90%,142,8,-142,10.2,40.91,12.12,14,NA,SD,raw,NA,1753.8,1753.142.8,85,41.21,11.21,NA,22,26,57,113.5
200,1753,Wei,2021,Testudines,Geoemydidae,Mauremys,reevessii,Mauremys_reevesii,Mauremys,reevesii,Guangdong Lvca Industry Co.,Boluo,Guangdong,China,pop1,2017,other,7,Figure 1,Morphology,Body mass,Body mass,g,Hatchling,30,mixed,,Const,29,1,50%,300,9,-300,10.2,3.64,1.06,16,NA,SD,raw,NA,1753.9,1753.300.9,142,4.36,0.91,NA,23,29,158,221
201,1753,Wei,2021,Testudines,Geoemydidae,Mauremys,reevessii,Mauremys_reevesii,Mauremys,reevesii,Guangdong Lvca Industry Co.,Boluo,Guangdong,China,pop1,2017,other,7,Figure 1,Morphology,Body mass,Body mass,g,Hatchling,30,mixed,,Const,29,1,50%,300,9,-300,10.2,3.64,1.06,16,NA,SD,raw,NA,1753.9,1753.300.9,85,4.55,1.15,NA,29,29,215,192.5
202,1753,Wei,2021,Testudines,Geoemydidae,Mauremys,reevessii,Mauremys_reevesii,Mauremys,reevesii,Guangdong Lvca Industry Co.,Boluo,Guangdong,China,pop1,2017,other,7,Figure 1,Morphology,Body mass,Body mass,g,Hatchling,30,mixed,,Const,29,1,90%,142,9,-142,10.2,4.36,0.91,23,NA,SD,raw,NA,1753.9,1753.142.9,85,4.55,1.15,NA,29,29,57,113.5
203,1753,Wei,2021,Testudines,Geoemydidae,Mauremys,reevessii,Mauremys_reevesii,Mauremys,reevesii,Guangdong Lvca Industry Co.,Boluo,Guangdong,China,pop1,2017,other,6,Table 2,Morphology,Initial body mass,Initial body mass,g,Hatchling,2,mixed,,Const,23,1,50%,300,44,-300,10.2,3.5,0.5,14,NA,SD,raw,NA,1753.44,1753.300.44,142,3.7,0.6,NA,18,23,158,221
204,1753,Wei,2021,Testudines,Geoemydidae,Mauremys,reevessii,Mauremys_reevesii,Mauremys,reevesii,Guangdong Lvca Industry Co.,Boluo,Guangdong,China,pop1,2017,other,6,Table 2,Morphology,Initial body mass,Initial body mass,g,Hatchling,2,mixed,,Const,23,1,50%,300,44,-300,10.2,3.5,0.5,14,NA,SD,raw,NA,1753.44,1753.300.44,85,3.8,0.5,NA,13,23,215,192.5
205,1753,Wei,2021,Testudines,Geoemydidae,Mauremys,reevessii,Mauremys_reevesii,Mauremys,reevesii,Guangdong Lvca Industry Co.,Boluo,Guangdong,China,pop1,2017,other,6,Table 2,Morphology,Initial body mass,Initial body mass,g,Hatchling,2,mixed,,Const,23,1,90%,142,44,-142,10.2,3.7,0.6,18,NA,SD,raw,NA,1753.44,1753.142.44,85,3.8,0.5,NA,13,23,57,113.5
206,1753,Wei,2021,Testudines,Geoemydidae,Mauremys,reevessii,Mauremys_reevesii,Mauremys,reevesii,Guangdong Lvca Industry Co.,Boluo,Guangdong,China,pop1,2017,other,6,Table 2,Morphology,Initial body mass,Initial body mass,g,Hatchling,2,mixed,,Const,26,1,50%,300,45,-300,10.2,3.7,0.5,19,NA,SD,raw,NA,1753.45,1753.300.45,142,3.4,0.4,NA,14,26,158,221
207,1753,Wei,2021,Testudines,Geoemydidae,Mauremys,reevessii,Mauremys_reevesii,Mauremys,reevesii,Guangdong Lvca Industry Co.,Boluo,Guangdong,China,pop1,2017,other,6,Table 2,Morphology,Initial body mass,Initial body mass,g,Hatchling,2,mixed,,Const,26,1,50%,300,45,-300,10.2,3.7,0.5,19,NA,SD,raw,NA,1753.45,1753.300.45,85,3.6,0.5,NA,22,26,215,192.5
208,1753,Wei,2021,Testudines,Geoemydidae,Mauremys,reevessii,Mauremys_reevesii,Mauremys,reevesii,Guangdong Lvca Industry Co.,Boluo,Guangdong,China,pop1,2017,other,6,Table 2,Morphology,Initial body mass,Initial body mass,g,Hatchling,2,mixed,,Const,26,1,90%,142,45,-142,10.2,3.4,0.4,14,NA,SD,raw,NA,1753.45,1753.142.45,85,3.6,0.5,NA,22,26,57,113.5
209,1753,Wei,2021,Testudines,Geoemydidae,Mauremys,reevessii,Mauremys_reevesii,Mauremys,reevesii,Guangdong Lvca Industry Co.,Boluo,Guangdong,China,pop1,2017,other,6,Table 2,Morphology,Initial body mass,Initial body mass,g,Hatchling,2,mixed,,Const,29,1,50%,300,46,-300,10.2,3.4,0.8,16,NA,SD,raw,NA,1753.46,1753.300.46,142,3.4,0.5,NA,23,29,158,221
210,1753,Wei,2021,Testudines,Geoemydidae,Mauremys,reevessii,Mauremys_reevesii,Mauremys,reevesii,Guangdong Lvca Industry Co.,Boluo,Guangdong,China,pop1,2017,other,6,Table 2,Morphology,Initial body mass,Initial body mass,g,Hatchling,2,mixed,,Const,29,1,50%,300,46,-300,10.2,3.4,0.8,16,NA,SD,raw,NA,1753.46,1753.300.46,85,3.5,0.5,NA,29,29,215,192.5
211,1753,Wei,2021,Testudines,Geoemydidae,Mauremys,reevessii,Mauremys_reevesii,Mauremys,reevesii,Guangdong Lvca Industry Co.,Boluo,Guangdong,China,pop1,2017,other,6,Table 2,Morphology,Initial body mass,Initial body mass,g,Hatchling,2,mixed,,Const,29,1,90%,142,46,-142,10.2,3.4,0.5,23,NA,SD,raw,NA,1753.46,1753.142.46,85,3.5,0.5,NA,29,29,57,113.5
212,1753,Wei,2021,Testudines,Geoemydidae,Mauremys,reevessii,Mauremys_reevesii,Mauremys,reevesii,Guangdong Lvca Industry Co.,Boluo,Guangdong,China,pop1,2017,other,6,Table 2,Morphology,Initial body mass,Initial body mass,g,Hatchling,2,mixed,,Const,32,1,50%,300,47,-300,10.2,3.2,0.3,13,NA,SD,raw,NA,1753.47,1753.300.47,142,3.1,0.5,NA,14,32,158,221
213,1753,Wei,2021,Testudines,Geoemydidae,Mauremys,reevessii,Mauremys_reevesii,Mauremys,reevesii,Guangdong Lvca Industry Co.,Boluo,Guangdong,China,pop1,2017,other,6,Table 2,Morphology,Initial body mass,Initial body mass,g,Hatchling,2,mixed,,Const,32,1,50%,300,47,-300,10.2,3.2,0.3,13,NA,SD,raw,NA,1753.47,1753.300.47,85,3.4,0.4,NA,8,32,215,192.5
214,1753,Wei,2021,Testudines,Geoemydidae,Mauremys,reevessii,Mauremys_reevesii,Mauremys,reevesii,Guangdong Lvca Industry Co.,Boluo,Guangdong,China,pop1,2017,other,6,Table 2,Morphology,Initial body mass,Initial body mass,g,Hatchling,2,mixed,,Const,32,1,90%,142,47,-142,10.2,3.1,0.5,14,NA,SD,raw,NA,1753.47,1753.142.47,85,3.4,0.4,NA,8,32,57,113.5
215,1755,Du,2008,Squamata,Scincidae,Lampropholis,guichenoti,Lampropholis_guichenoti,Lampropholis,guichenoti,NA,Sydney,New South Wales,Australia,pop1,2007,other,104,Figure 3c,Morphology,Body mass,Mass,g,Hatchling,1,mixed,,Const,25,0,-500,500,5,NA,0.16,0.141428571,0.018752317,17,NA,SD,raw,NA,1755.5,1755.500.5,200,0.148425656,0.018169979,NA,21,25,300,350
216,1755,Du,2008,Squamata,Scincidae,Lampropholis,guichenoti,Lampropholis_guichenoti,Lampropholis,guichenoti,NA,Sydney,New South Wales,Australia,pop1,2007,other,104,Figure 3c,Morphology,Body mass,Mass,g,Hatchling,1,mixed,,Const,25,0,-500,500,5,NA,0.16,0.141428571,0.018752317,17,NA,SD,raw,NA,1755.5,1755.500.5,12,0.159504373,0.018271488,NA,17,25,488,256
217,1755,Du,2008,Squamata,Scincidae,Lampropholis,guichenoti,Lampropholis_guichenoti,Lampropholis,guichenoti,NA,Sydney,New South Wales,Australia,pop1,2007,other,104,Figure 3c,Morphology,Body mass,Mass,g,Hatchling,1,mixed,,Const,25,0,-500,500,5,NA,0.16,0.141428571,0.018752317,17,NA,SD,raw,NA,1755.5,1755.500.5,0,0.1603207,0.017811669,NA,18,25,500,250
218,1755,Du,2008,Squamata,Scincidae,Lampropholis,guichenoti,Lampropholis_guichenoti,Lampropholis,guichenoti,NA,Sydney,New South Wales,Australia,pop1,2007,other,104,Figure 3c,Morphology,Body mass,Mass,g,Hatchling,1,mixed,,Const,25,0,-200,200,5,NA,0.16,0.148425656,0.018169979,21,NA,SD,raw,NA,1755.5,1755.200.5,12,0.159504373,0.018271488,NA,17,25,188,106
219,1755,Du,2008,Squamata,Scincidae,Lampropholis,guichenoti,Lampropholis_guichenoti,Lampropholis,guichenoti,NA,Sydney,New South Wales,Australia,pop1,2007,other,104,Figure 3c,Morphology,Body mass,Mass,g,Hatchling,1,mixed,,Const,25,0,-200,200,5,NA,0.16,0.148425656,0.018169979,21,NA,SD,raw,NA,1755.5,1755.200.5,0,0.1603207,0.017811669,NA,18,25,200,100
220,1755,Du,2008,Squamata,Scincidae,Lampropholis,guichenoti,Lampropholis_guichenoti,Lampropholis,guichenoti,NA,Sydney,New South Wales,Australia,pop1,2007,other,104,Figure 3c,Morphology,Body mass,Mass,g,Hatchling,1,mixed,,Const,25,0,-12,12,5,NA,0.16,0.159504373,0.018271488,17,NA,SD,raw,NA,1755.5,1755.12.5,0,0.1603207,0.017811669,NA,18,25,12,6
221,1756,Marco,2004,Squamata,Lacertidae,Lacerta,schreiberi,Lacerta_schreiberi,Lacerta,schreiberi,Sierra de Candelario,Salamanca,Salamanca,Spain,pop1,2000,Split_clutch,63,Figure 3,Morphology,Mass,Mass,g,Hatchling,0,mixed,eggs isolated from one another,Const,26,0,-1150,1150,3,NA,0.7,0.82,0.06,12,NA,SD,raw,NA,1756.3,1756.1150.3,650,0.94,0.06,NA,12,26,500,900
222,1756,Marco,2004,Squamata,Lacertidae,Lacerta,schreiberi,Lacerta_schreiberi,Lacerta,schreiberi,Sierra de Candelario,Salamanca,Salamanca,Spain,pop1,2000,Split_clutch,63,Figure 3,Morphology,Mass,Mass,g,Hatchling,0,mixed,eggs isolated from one another,Const,26,0,-1150,1150,3,NA,0.7,0.82,0.06,12,NA,SD,raw,NA,1756.3,1756.1150.3,150,0.92,0.06,NA,12,26,1000,650
223,1756,Marco,2004,Squamata,Lacertidae,Lacerta,schreiberi,Lacerta_schreiberi,Lacerta,schreiberi,Sierra de Candelario,Salamanca,Salamanca,Spain,pop1,2000,Split_clutch,63,Figure 3,Morphology,Mass,Mass,g,Hatchling,0,mixed,eggs isolated from one another,Const,26,0,-650,650,3,NA,0.7,0.94,0.06,12,NA,SD,raw,NA,1756.3,1756.650.3,150,0.92,0.06,NA,12,26,500,400
224,1756,Marco,2004,Squamata,Lacertidae,Lacerta,schreiberi,Lacerta_schreiberi,Lacerta,schreiberi,Sierra de Candelario,Salamanca,Salamanca,Spain,pop1,2000,Split_clutch,63,Figure 3,Morphology,Mass,Mass,g,Hatchling,0,mixed,eggs aggregated,Const,26,0,-1150,1150,4,NA,0.7,0.8,0.06,12,NA,SD,raw,NA,1756.4,1756.1150.4,650,0.84,0.06,NA,12,26,500,900
225,1756,Marco,2004,Squamata,Lacertidae,Lacerta,schreiberi,Lacerta_schreiberi,Lacerta,schreiberi,Sierra de Candelario,Salamanca,Salamanca,Spain,pop1,2000,Split_clutch,63,Figure 3,Morphology,Mass,Mass,g,Hatchling,0,mixed,eggs aggregated,Const,26,0,-1150,1150,4,NA,0.7,0.8,0.06,12,NA,SD,raw,NA,1756.4,1756.1150.4,150,0.92,0.06,NA,12,26,1000,650
226,1756,Marco,2004,Squamata,Lacertidae,Lacerta,schreiberi,Lacerta_schreiberi,Lacerta,schreiberi,Sierra de Candelario,Salamanca,Salamanca,Spain,pop1,2000,Split_clutch,63,Figure 3,Morphology,Mass,Mass,g,Hatchling,0,mixed,eggs aggregated,Const,26,0,-650,650,4,NA,0.7,0.84,0.06,12,NA,SD,raw,NA,1756.4,1756.650.4,150,0.92,0.06,NA,12,26,500,400
229,1759,Booth,2009,Testudines,Chelidae,Emydura,macquarii,Emydura_macquarii,macquarii,macquarii,University of Queensland's St Lucia campus,St Lucia,Queensland, Australia,pop1,2003,split_pseudo,384,Table 1,Morphology,Hatchling mass,Mass,g,Hatchling,2,mixed,,Const,30,0.4,-800,800,2,NA,9.44,5.51,0.07,12,0.07,SE,adjusted (least square means),NA,1759.2,1759.800.2,350,5.326,0.059,0.059,12,30,450,575
229,1759,Booth,2009,Testudines,Chelidae,Emydura,macquarii,Emydura_macquarii,macquarii,macquarii,University of Queensland's St Lucia campus,St Lucia,Queensland, Australia,pop1,2003,split_pseudo,384,Table 1,Morphology,Hatchling mass,Mass,g,Hatchling,2,mixed,,Const,30,0.4,-800,800,2,NA,9.44,5.51,0.07,12,0.07,SE,adjusted (least square means),NA,1759.2,1759.800.2,100,5.558,0.092,0.092,12,30,700,450
228,1759,Booth,2009,Testudines,Chelidae,Emydura,macquarii,Emydura_macquarii,macquarii,macquarii,University of Queensland's St Lucia campus,St Lucia,Queensland, Australia,pop1,2003,split_pseudo,384,Table 1,Morphology,Hatchling mass,Mass,g,Hatchling,2,mixed,,Const,30,0.4,-350,350,2,NA,9.44,5.326,0.059,12,0.059,SE,adjusted (least square means),NA,1759.2,1759.350.2,100,5.558,0.092,0.092,12,30,250,225
