paper_no,first_author_surname,pub_year,order,family,genus,species,Genus_species,genus_timetree,species_timetree,specific_location_name,city,state_province,country,population,data_year,egg_design,source_page,source,trait_cat,trait,simp_trait,units,egg_embryo_hatchling,age,sex,other_factors,const_fluct,T,T_fluc,water_potential,waterpot,pairgrp,KPA_conversion,egg_mass_g,conversion to percentage,alive.1,dead.1,mean,sd,N,error_type,data_style,collapse,id,cor,waterpot.2,conversion to percentage.2,alive.2,dead.2,mean.2,sd.2,N.2,T.2,waterpot_diff,waterpot_mid
1115,Diaz-Paniagua,2003,Squamata,Chamaeleonidae,Chamaeleo,chamaeleon,Chamaeleo_chamaeleon,Chamaeleo,chamaeleon,NA,NA,NA,Southern Spain,pop1,1998,split_pseudo,434,Table 2,Survival,Hatching success,Hatching success,Prop hatched,Hatchling,0,mixed,NA,Const,25,0,-600,600,1,NA,1.35,1,48,0.1,1,NA,48,SD,raw,2,1115.1,1115.600.1,150,1,48,0.1,1,NA,48,25,450,375
1115,Diaz-Paniagua,2003,Squamata,Chamaeleonidae,Chamaeleo,chamaeleon,Chamaeleo_chamaeleon,Chamaeleo,chamaeleon,NA,NA,NA,Southern Spain,pop1,1998,split_pseudo,434,Table 2,Survival,Hatching success,Hatching success,Prop hatched,Hatchling,0,mixed,NA,Const,29,0,-600,600,2,NA,1.35,0.525,25.2,22.8,0.525,19.7,48,SD,raw,1,1115.2,1115.600.2,150,0.763,36.624,11.376,0.763,36.8,48,29,450,375
1191,Guo,1994,Testudines,Geoemydidae,Mauremys,mutica,Mauremys_mutica,Mauremys,mutica,NA,NA,NA,China,pop1,NA,split_pseudo,218,Table 2,Survival,Hatching success,Hatching success,Prop hatched,Hatchling,0,mixed,NA,Const,25,0,-300,300,13,NA,17.79,0.833,24.99,5.01,0.833,NA,30,P,raw,28,1191.13,1191.300.13,150,0.933,27.99,2.01,0.933,NA,30,25,150,225
1191,Guo,1994,Testudines,Geoemydidae,Mauremys,mutica,Mauremys_mutica,Mauremys,mutica,NA,NA,NA,China,pop1,NA,split_pseudo,218,Table 2,Survival,Hatching success,Hatching success,Prop hatched,Hatchling,0,mixed,NA,Const,25,0,-300,300,13,NA,17.79,0.833,24.99,5.01,0.833,NA,30,P,raw,28,1191.13,1191.300.13,12,0.633,18.99,11.01,0.633,NA,30,25,288,156
1191,Guo,1994,Testudines,Geoemydidae,Mauremys,mutica,Mauremys_mutica,Mauremys,mutica,NA,NA,NA,China,pop1,NA,split_pseudo,218,Table 2,Survival,Hatching success,Hatching success,Prop hatched,Hatchling,0,mixed,NA,Const,25,0,-150,150,13,NA,17.79,0.933,27.99,2.01,0.933,NA,30,P,raw,31,1191.13,1191.150.13,12,0.633,18.99,11.01,0.633,NA,30,25,138,81
1191,Guo,1994,Testudines,Geoemydidae,Mauremys,mutica,Mauremys_mutica,Mauremys,mutica,NA,NA,NA,China,pop1,NA,split_pseudo,218,Table 2,Survival,Hatching success,Hatching success,Prop hatched,Hatchling,0,females,NA,Const,29,0,-300,300,14,NA,17.79,0.767,23.01,6.99,0.767,NA,30,P,raw,29,1191.14,1191.300.14,150,0.967,29.01,0.99,0.967,NA,30,29,150,225
1191,Guo,1994,Testudines,Geoemydidae,Mauremys,mutica,Mauremys_mutica,Mauremys,mutica,NA,NA,NA,China,pop1,NA,split_pseudo,218,Table 2,Survival,Hatching success,Hatching success,Prop hatched,Hatchling,0,females,NA,Const,29,0,-300,300,14,NA,17.79,0.767,23.01,6.99,0.767,NA,30,P,raw,29,1191.14,1191.300.14,12,0.9,27,3,0.9,NA,30,29,288,156
1191,Guo,1994,Testudines,Geoemydidae,Mauremys,mutica,Mauremys_mutica,Mauremys,mutica,NA,NA,NA,China,pop1,NA,split_pseudo,218,Table 2,Survival,Hatching success,Hatching success,Prop hatched,Hatchling,0,females,NA,Const,29,0,-150,150,14,NA,17.79,0.967,29.01,0.99,0.967,NA,30,P,raw,32,1191.14,1191.150.14,12,0.9,27,3,0.9,NA,30,29,138,81
1191,Guo,1994,Testudines,Geoemydidae,Mauremys,mutica,Mauremys_mutica,Mauremys,mutica,NA,NA,NA,China,pop1,NA,split_pseudo,218,Table 2,Survival,Hatching success,Hatching success,Prop hatched,Hatchling,0,females,NA,Const,33,0,-300,300,15,NA,17.79,0.3,9,21,0.3,NA,30,P,raw,30,1191.15,1191.300.15,150,0.233,6.99,23.01,0.233,NA,30,33,150,225
1191,Guo,1994,Testudines,Geoemydidae,Mauremys,mutica,Mauremys_mutica,Mauremys,mutica,NA,NA,NA,China,pop1,NA,split_pseudo,218,Table 2,Survival,Hatching success,Hatching success,Prop hatched,Hatchling,0,females,NA,Const,33,0,-300,300,15,NA,17.79,0.3,9,21,0.3,NA,30,P,raw,30,1191.15,1191.300.15,12,0.067,2.01,27.99,0.067,NA,30,33,288,156
1191,Guo,1994,Testudines,Geoemydidae,Mauremys,mutica,Mauremys_mutica,Mauremys,mutica,NA,NA,NA,China,pop1,NA,split_pseudo,218,Table 2,Survival,Hatching success,Hatching success,Prop hatched,Hatchling,0,females,NA,Const,33,0,-150,150,15,NA,17.79,0.233,6.99,23.01,0.233,NA,30,P,raw,33,1191.15,1191.150.15,12,0.067,2.01,27.99,0.067,NA,30,33,138,81
1193,Hare,2002,Squamata,Scincidae,Oligosoma,suteri,Oligosoma_suteri,Oligosoma,suteri,"Green Island, Coromandel Peninsula",NA,NA, New Zealand,pop1,1999,split_clutch,224,Table 1,Survival,Hatching success,Hatching success,Prop hatched,Hatchling,0,mixed,NA,Const,18,0.6,-270,270,1,NA,0.974,0.6428571,17.9999988,10.0000012,0.6428571,NA,28,P,raw,1,1193.1,1193.270.1,120,0.7037037,18.9999999,8.0000001,0.7037037,NA,27,18,150,195
1193,Hare,2002,Squamata,Scincidae,Oligosoma,suteri,Oligosoma_suteri,Oligosoma,suteri,"Green Island, Coromandel Peninsula",NA,NA, New Zealand,pop1,1999,split_clutch,224,Table 1,Survival,Hatching success,Hatching success,Prop hatched,Hatchling,0,mixed,NA,Const,22,0.6,-270,270,2,NA,0.974,0.8928571,24.9999988,3.0000012,0.8928571,NA,28,P,raw,2,1193.2,1193.270.2,120,0.9259259,24.9999993,2.0000007,0.9259259,NA,27,22,150,195
1193,Hare,2002,Squamata,Scincidae,Oligosoma,suteri,Oligosoma_suteri,Oligosoma,suteri,"Green Island, Coromandel Peninsula",NA,NA, New Zealand,pop1,1999,split_clutch,224,Table 1,Survival,Hatching success,Hatching success,Prop hatched,Hatchling,0,mixed,NA,Const,26,0.6,-270,270,3,NA,0.974,0.742,23.002,7.998,0.742,NA,31,P,raw,3,1193.3,1193.270.3,120,0.788,26.004,6.996,0.788,NA,33,26,150,195
1229,Ji,1999,Squamata,Lacertidae,Podarcis,muralis,Podarcis_muralis,Podarcis,muralis,NA,NA, Oviedo,Spain,pop1,1996,other,208,Table 2,Survival,Hatching success,Hatching success,Prop hatched,Hatchling,0,mixed,NA,Const,29,0.6,-220,220,19,NA,0.32,0.76,19,6,0.76,NA,25,P,raw,38,1229.19,1229.220.19,12,0.831,49.029,9.971,0.831,NA,59,29,208,116
1229,Ji,1999,Squamata,Lacertidae,Podarcis,muralis,Podarcis_muralis,Podarcis,muralis,NA,NA, Oviedo,Spain,pop1,1996,other,208,Table 2,Survival,Hatching success,Hatching success,Prop hatched,Hatchling,0,mixed,NA,Const,29,0.6,-220,220,19,NA,0.32,0.76,19,6,0.76,NA,25,P,raw,38,1229.19,1229.220.19,0,0.69,20.01,8.99,0.69,NA,29,29,220,110
1229,Ji,1999,Squamata,Lacertidae,Podarcis,muralis,Podarcis_muralis,Podarcis,muralis,NA,NA, Oviedo,Spain,pop1,1996,other,208,Table 2,Survival,Hatching success,Hatching success,Prop hatched,Hatchling,0,mixed,NA,Const,29,0.6,-12,12,19,NA,0.32,0.831,49.029,9.971,0.831,NA,59,P,raw,40,1229.19,1229.12.19,0,0.69,20.01,8.99,0.69,NA,29,29,12,6
1229,Ji,1999,Squamata,Lacertidae,Podarcis,muralis,Podarcis_muralis,Podarcis,muralis,NA,NA, Oviedo,Spain,pop1,1996,other,208,Table 2,Survival,Hatching success,Hatching success,Prop hatched,Hatchling,0,mixed,NA,Const,32,0.6,-220,220,20,NA,0.32,0.381,8.001,12.999,0.381,NA,21,P,raw,37,1229.2,1229.220.20,12,0.578,36.992,27.008,0.578,NA,64,32,208,116
1229,Ji,1999,Squamata,Lacertidae,Podarcis,muralis,Podarcis_muralis,Podarcis,muralis,NA,NA, Oviedo,Spain,pop1,1996,other,208,Table 2,Survival,Hatching success,Hatching success,Prop hatched,Hatchling,0,mixed,NA,Const,32,0.6,-220,220,20,NA,0.32,0.381,8.001,12.999,0.381,NA,21,P,raw,37,1229.2,1229.220.20,0,0.417,10.008,13.992,0.417,NA,24,32,220,110
1229,Ji,1999,Squamata,Lacertidae,Podarcis,muralis,Podarcis_muralis,Podarcis,muralis,NA,NA, Oviedo,Spain,pop1,1996,other,208,Table 2,Survival,Hatching success,Hatching success,Prop hatched,Hatchling,0,mixed,NA,Const,32,0.6,-12,12,20,NA,0.32,0.578,36.992,27.008,0.578,NA,64,P,raw,41,1229.2,1229.12.20,0,0.417,10.008,13.992,0.417,NA,24,32,12,6
1231,Ji,2001,Squamata,Elapidae,Naja,atra,Naja_atra,Naja,atra,Captive bred, Yiwu and Jiande, Zhejiang, China,pop1,1998,split_pseudo,189,Table 1,Survival,Hatching success,Hatching success,Prop hatched,Hatchling,0,mixed,NA,Const,24,0.6,-220,220,17,NA,16.1,0.308,12.012,26.988,0.308,NA,39,P,raw,27,1231.17,1231.220.17,0,0.068,2.992,41.008,0.068,NA,44,24,220,110
1231,Ji,2001,Squamata,Elapidae,Naja,atra,Naja_atra,Naja,atra,Captive bred, Yiwu and Jiande, Zhejiang, China,pop1,1998,split_pseudo,189,Table 1,Survival,Hatching success,Hatching success,Prop hatched,Hatchling,0,mixed,NA,Const,26,0.6,-220,220,18,NA,16.1,0.771,26.985,8.015,0.771,NA,35,P,raw,25,1231.18,1231.220.18,0,0.838,31.006,5.994,0.838,NA,37,26,220,110
1231,Ji,2001,Squamata,Elapidae,Naja,atra,Naja_atra,Naja,atra,Captive bred, Yiwu and Jiande, Zhejiang, China,pop1,1998,split_pseudo,189,Table 1,Survival,Hatching success,Hatching success,Prop hatched,Hatchling,0,mixed,NA,Const,30,0.6,-220,220,19,NA,16.1,0.857,29.995,5.005,0.857,NA,35,P,raw,26,1231.19,1231.220.19,0,0.787,36.989,10.011,0.787,NA,47,30,220,110
1231,Ji,2001,Squamata,Elapidae,Naja,atra,Naja_atra,Naja,atra,Captive bred, Yiwu and Jiande, Zhejiang, China,pop1,1998,split_pseudo,189,Table 1,Survival,Hatching success,Hatching success,Prop hatched,Hatchling,0,mixed,NA,Const,32,0.6,-220,220,20,NA,16.1,0.636,27.984,16.016,0.636,NA,44,P,raw,28,1231.2,1231.220.20,0,0.523,23.012,20.988,0.523,NA,44,32,220,110
1232,Ji,2001,Squamata,Colubridae,Elaphe,carinata,Elaphe_carinata,Elaphe,carinata,NA,Lishui and Jiande, Zhejiang, China,pop1,1998,split_pseudo,465,Table 1,Survival,Hatching success,Hatching success,Prop hatched,Hatchling,0,mixed,NA,Const,24,0.6,-220,220,68,NA,28.1,0.686,24.01,10.99,0.686,NA,35,P,raw,27,1232.68,1232.220.68,0,0.757,28.009,8.991,0.757,NA,37,24,220,110
1232,Ji,2001,Squamata,Colubridae,Elaphe,carinata,Elaphe_carinata,Elaphe,carinata,NA,Lishui and Jiande, Zhejiang, China,pop1,1998,split_pseudo,465,Table 1,Survival,Hatching success,Hatching success,Prop hatched,Hatchling,0,mixed,NA,Const,26,0.6,-220,220,69,NA,28.3,0.875,21,3,0.875,NA,24,P,raw,25,1232.69,1232.220.69,0,0.824,28.016,5.984,0.824,NA,34,26,220,110
1232,Ji,2001,Squamata,Colubridae,Elaphe,carinata,Elaphe_carinata,Elaphe,carinata,NA,Lishui and Jiande, Zhejiang, China,pop1,1998,split_pseudo,465,Table 1,Survival,Hatching success,Hatching success,Prop hatched,Hatchling,0,mixed,NA,Const,30,0.6,-220,220,70,NA,26.8,0.92,23,2,0.92,NA,25,P,raw,26,1232.7,1232.220.70,0,0.895,34.01,3.99,0.895,NA,38,30,220,110
1232,Ji,2001,Squamata,Colubridae,Elaphe,carinata,Elaphe_carinata,Elaphe,carinata,NA,Lishui and Jiande, Zhejiang, China,pop1,1998,split_pseudo,465,Table 1,Survival,Hatching success,Hatching success,Prop hatched,Hatchling,0,mixed,NA,Const,32,0.6,-220,220,71,NA,28,0.657,22.995,12.005,0.657,NA,35,P,raw,28,1232.71,1232.220.71,0,0.676,22.984,11.016,0.676,NA,34,32,220,110
1270,Lin,1998,Squamata,Lacertidae,Takydromus,septentrionalis,Takydromus_septentrionalis,Takydromus,septentrionalis,NA,NA,NA,NA,pop1,1996,other,442,Table 2,Survival,Hatching success,Hatching success,Prop hatched,Hatchling,0,mixed,NA,Const,24,0,-220,220,7,NA,0.2464,0.969,31.008,0.992,0.969,NA,32,P,raw,24,1270.7,1270.220.7,12,1,33,0.1,1,NA,33,24,208,116
1270,Lin,1998,Squamata,Lacertidae,Takydromus,septentrionalis,Takydromus_septentrionalis,Takydromus,septentrionalis,NA,NA,NA,NA,pop1,1996,other,442,Table 2,Survival,Hatching success,Hatching success,Prop hatched,Hatchling,0,mixed,NA,Const,24,0,-220,220,7,NA,0.2464,0.969,31.008,0.992,0.969,NA,32,P,raw,24,1270.7,1270.220.7,0,1,32,0.1,1,NA,32,24,220,110
1270,Lin,1998,Squamata,Lacertidae,Takydromus,septentrionalis,Takydromus_septentrionalis,Takydromus,septentrionalis,NA,NA,NA,NA,pop1,1996,other,442,Table 2,Survival,Hatching success,Hatching success,Prop hatched,Hatchling,0,mixed,NA,Const,24,0,-12,12,7,NA,0.2464,1,33,0.1,1,NA,33,P,raw,29,1270.7,1270.12.7,0,1,32,0.1,1,NA,32,24,12,6
1270,Lin,1998,Squamata,Lacertidae,Takydromus,septentrionalis,Takydromus_septentrionalis,Takydromus,septentrionalis,NA,NA,NA,NA,pop1,1996,other,442,Table 2,Survival,Hatching success,Hatching success,Prop hatched,Hatchling,0,mixed,NA,Const,26,0,-220,220,8,NA,0.2464,1,31,0.1,1,NA,31,P,raw,23,1270.8,1270.220.8,12,0.923,23.998,2.002,0.923,NA,26,26,208,116
1270,Lin,1998,Squamata,Lacertidae,Takydromus,septentrionalis,Takydromus_septentrionalis,Takydromus,septentrionalis,NA,NA,NA,NA,pop1,1996,other,442,Table 2,Survival,Hatching success,Hatching success,Prop hatched,Hatchling,0,mixed,NA,Const,26,0,-220,220,8,NA,0.2464,1,31,0.1,1,NA,31,P,raw,23,1270.8,1270.220.8,0,0.967,29.01,0.99,0.967,NA,30,26,220,110
1270,Lin,1998,Squamata,Lacertidae,Takydromus,septentrionalis,Takydromus_septentrionalis,Takydromus,septentrionalis,NA,NA,NA,NA,pop1,1996,other,442,Table 2,Survival,Hatching success,Hatching success,Prop hatched,Hatchling,0,mixed,NA,Const,26,0,-12,12,8,NA,0.2464,0.923,23.998,2.002,0.923,NA,26,P,raw,27,1270.8,1270.12.8,0,0.967,29.01,0.99,0.967,NA,30,26,12,6
1270,Lin,1998,Squamata,Lacertidae,Takydromus,septentrionalis,Takydromus_septentrionalis,Takydromus,septentrionalis,NA,NA,NA,NA,pop1,1996,other,442,Table 2,Survival,Hatching success,Hatching success,Prop hatched,Hatchling,0,mixed,NA,Const,28,0,-220,220,9,NA,0.2464,0.667,8.004,3.996,0.667,NA,12,P,raw,22,1270.9,1270.220.9,12,0.833,9.996,2.004,0.833,NA,12,28,208,116
1270,Lin,1998,Squamata,Lacertidae,Takydromus,septentrionalis,Takydromus_septentrionalis,Takydromus,septentrionalis,NA,NA,NA,NA,pop1,1996,other,442,Table 2,Survival,Hatching success,Hatching success,Prop hatched,Hatchling,0,mixed,NA,Const,28,0,-220,220,9,NA,0.2464,0.667,8.004,3.996,0.667,NA,12,P,raw,22,1270.9,1270.220.9,0,0.333,3.996,8.004,0.333,NA,12,28,220,110
1270,Lin,1998,Squamata,Lacertidae,Takydromus,septentrionalis,Takydromus_septentrionalis,Takydromus,septentrionalis,NA,NA,NA,NA,pop1,1996,other,442,Table 2,Survival,Hatching success,Hatching success,Prop hatched,Hatchling,0,mixed,NA,Const,28,0,-12,12,9,NA,0.2464,0.833,9.996,2.004,0.833,NA,12,P,raw,25,1270.9,1270.12.9,0,0.333,3.996,8.004,0.333,NA,12,28,12,6
1448,Spotila,1994,Testudines,Testudinidae,Gopherus,agassizii,Gopherus_agassizii,Gopherus,agassizii,Desert Tortoise Conservation Center, Las Vegas, Nevada, USA,pop1,1991,split_pseudo,106,Table 1,Survival,Hatching success,Hatching success,Prop hatched,Hatchling,0,females,NA,Const,26,0.4,-5000,5000,1,NA,41.65,0.5,5,5,0.5,NA,10,P,raw,1,1448.1,1448.5000.1,5,0,0.1,9.9,0,NA,10,26,4995,2502.5
1448,Spotila,1994,Testudines,Testudinidae,Gopherus,agassizii,Gopherus_agassizii,Gopherus,agassizii,Desert Tortoise Conservation Center, Las Vegas, Nevada, USA,pop1,1991,split_pseudo,106,Table 1,Survival,Hatching success,Hatching success,Prop hatched,Hatchling,0,females,NA,Const,33,0.4,-5000,5000,2,NA,41.65,0.33,3.3,6.7,0.33,NA,10,P,raw,2,1448.2,1448.5000.2,5,0.9,9,1,0.9,NA,10,33,4995,2502.5
1460,Tang,2012,Squamata,Agamidae,Phrynocephalus,przewalskii,Phrynocephalus_przewalskii,Phrynocephalus,przewalskii,NA,Jingtai, Gansu, China,pop1,2011,split_clutch,186,Table 1,Survival,Hatching success,Hatching success,Prop hatched,Hatchling,0,mixed,NA,Const,30,0.4,-620,620,10,NA,0.505,0.4348,20.0008,25.9992,0.4348,NA,46,P,raw,8,1460.1,1460.620.10,440,0.5278,19.0008,16.9992,0.5278,NA,36,30,180,530
1460,Tang,2012,Squamata,Agamidae,Phrynocephalus,versicolor,Phrynocephalus_versicolor,Phrynocephalus,versicolor,NA,Linze, Gansu, China,pop2,2011,split_clutch,186,Table 1,Survival,Hatching success,Hatching success,Prop hatched,Hatchling,0,mixed,NA,Const,34,0.4,-620,620,11,NA,0.51,0.2222,7.9992,28.0008,0.2222,NA,36,P,raw,9,1460.11,1460.620.11,440,0.1111,3.9996,32.0004,0.1111,NA,36,34,180,530
1460,Tang,2012,Squamata,Agamidae,Phrynocephalus,przewalskii,Phrynocephalus_versicolor,Phrynocephalus,przewalskii,NA,Jingtai, Gansu, China,pop1,2011,split_clutch,186,Table 1,Survival,Hatching success,Hatching success,Prop hatched,Hatchling,0,mixed,NA,Const,34,0.4,-620,620,12,NA,0.505,0.3182,14.0008,29.9992,0.3182,NA,44,P,raw,9,1460.12,1460.620.12,440,0.3617,16.9999,30.0001,0.3617,NA,47,34,180,530
1460,Tang,2012,Squamata,Agamidae,Phrynocephalus,versicolor,Phrynocephalus_versicolor,Phrynocephalus,versicolor,NA,Linze, Gansu, China,pop2,2011,split_clutch,186,Table 1,Survival,Hatching success,Hatching success,Prop hatched,Hatchling,0,mixed,NA,Const,26,0.4,-620,620,7,NA,0.51,0.5238,10.9998,10.0002,0.5238,NA,21,P,raw,7,1460.7,1460.620.7,440,0.4,16,24,0.4,NA,40,26,180,530
1460,Tang,2012,Squamata,Agamidae,Phrynocephalus,przewalskii,Phrynocephalus_versicolor,Phrynocephalus,przewalskii,NA,Jingtai, Gansu, China,pop1,2011,split_clutch,186,Table 1,Survival,Hatching success,Hatching success,Prop hatched,Hatchling,0,mixed,NA,Const,26,0.4,-620,620,8,NA,0.505,0.5,25,25,0.5,NA,50,P,raw,7,1460.8,1460.620.8,440,0.6429,27.0018,14.9982,0.6429,NA,42,26,180,530
1460,Tang,2012,Squamata,Agamidae,Phrynocephalus,versicolor,Phrynocephalus_versicolor,Phrynocephalus,versicolor,NA,Linze, Gansu, China,pop2,2011,split_clutch,186,Table 1,Survival,Hatching success,Hatching success,Prop hatched,Hatchling,0,mixed,NA,Const,30,0.4,-620,620,9,NA,0.51,0.6667,14.0007,6.9993,0.6667,NA,21,P,raw,8,1460.9,1460.620.9,440,0.7586,21.9994,7.0006,0.7586,NA,29,30,180,530
1539,Ji,2001,Squamata,Scincidae,Plestiodon,chinensis,Plestiodon_chinensis,Plestiodon,chinensis,NA,NA,NA,China,NA,NA,other,258,Table 1,Survival,Hatching success,Hatching success,Prop hatched,Hatchling,0,mixed,NA,Const,26,0,-220,220,10,NA,0.68,0.889,45.339,5.661,0.889,NA,51,P,raw,17,1539.1,1539.220.10,0,0.88,66,9,0.88,NA,75,26,220,110
1539,Ji,2001,Squamata,Scincidae,Plestiodon,chinensis,Plestiodon_chinensis,Plestiodon,chinensis,NA,NA,NA,China,NA,NA,other,258,Table 1,Survival,Hatching success,Hatching success,Prop hatched,Hatchling,0,mixed,NA,Const,30,0,-220,220,11,NA,0.68,0.929,52.024,3.976,0.929,NA,56,P,raw,18,1539.11,1539.220.11,0,0.833,42.483,8.517,0.833,NA,51,30,220,110
1539,Ji,2001,Squamata,Scincidae,Plestiodon,chinensis,Plestiodon_chinensis,Plestiodon,chinensis,NA,NA,NA,China,NA,NA,other,258,Table 1,Survival,Hatching success,Hatching success,Prop hatched,Hatchling,0,mixed,NA,Const,32,0,-220,220,12,NA,0.68,0.806,58.032,13.968,0.806,NA,72,P,raw,19,1539.12,1539.220.12,0,0.887,54.994,7.006,0.887,NA,62,32,220,110
1539,Ji,2001,Squamata,Scincidae,Plestiodon,chinensis,Plestiodon_chinensis,Plestiodon,chinensis,NA,NA,NA,China,NA,NA,other,258,Table 1,Survival,Hatching success,Hatching success,Prop hatched,Hatchling,0,mixed,NA,Const,24,0,-220,220,9,NA,0.68,0.872,68.016,9.984,0.872,NA,78,P,raw,20,1539.9,1539.220.9,0,0.769,53.061,15.939,0.769,NA,69,24,220,110
1540,Packard,1985,Testudines,Chelydridae,Chelydra,serpentina,Chelydra_serpentina,Chelydra,serpentina," Valentine National Wildlife Refuge,  Cherry County",NA, Nebraska, USA,pop1,1984,split_pseudo,986,Fig. 2,Survival,Hatching success,Hatching success,Prop hatched,Hatchling,0,mixed,Vermiculite,Const,28.5,NA,-950,950,10,NA,11.6,0.64,12.8,7.2,0.64,NA,20,P,raw,11,1540.1,1540.950.10,550,0.84,16.8,3.2,0.84,NA,20,28.5,400,750
1540,Packard,1985,Testudines,Chelydridae,Chelydra,serpentina,Chelydra_serpentina,Chelydra,serpentina," Valentine National Wildlife Refuge,  Cherry County",NA, Nebraska, USA,pop1,1984,split_pseudo,986,Fig. 2,Survival,Hatching success,Hatching success,Prop hatched,Hatchling,0,mixed,Vermiculite,Const,28.5,NA,-950,950,10,NA,11.6,0.64,12.8,7.2,0.64,NA,20,P,raw,11,1540.1,1540.950.10,150,0.99,19.8,0.2,0.99,NA,20,28.5,800,550
1540,Packard,1985,Testudines,Chelydridae,Chelydra,serpentina,Chelydra_serpentina,Chelydra,serpentina," Valentine National Wildlife Refuge,  Cherry County",NA, Nebraska, USA,pop1,1984,split_pseudo,986,Fig. 2,Survival,Hatching success,Hatching success,Prop hatched,Hatchling,0,mixed,Vermiculite,Const,28.5,NA,-550,550,10,NA,11.6,0.84,16.8,3.2,0.84,NA,20,P,raw,14,1540.1,1540.550.10,150,0.99,19.8,0.2,0.99,NA,20,28.5,400,350
1540,Packard,1985,Testudines,Chelydridae,Chelydra,serpentina,Chelydra_serpentina,Chelydra,serpentina," Valentine National Wildlife Refuge,  Cherry County",NA, Nebraska, USA,pop1,1984,split_pseudo,986,Fig. 2,Survival,Hatching success,Hatching success,Prop hatched,Hatchling,0,females,Sand,Const,31,NA,-950,950,11,NA,11.6,0.45,9,11,0.45,NA,20,P,raw,12,1540.11,1540.950.11,550,0.48,9.6,10.4,0.48,NA,20,31,400,750
1540,Packard,1985,Testudines,Chelydridae,Chelydra,serpentina,Chelydra_serpentina,Chelydra,serpentina," Valentine National Wildlife Refuge,  Cherry County",NA, Nebraska, USA,pop1,1984,split_pseudo,986,Fig. 2,Survival,Hatching success,Hatching success,Prop hatched,Hatchling,0,females,Sand,Const,31,NA,-950,950,11,NA,11.6,0.45,9,11,0.45,NA,20,P,raw,12,1540.11,1540.950.11,150,0.64,12.8,7.2,0.64,NA,20,31,800,550
1540,Packard,1985,Testudines,Chelydridae,Chelydra,serpentina,Chelydra_serpentina,Chelydra,serpentina," Valentine National Wildlife Refuge,  Cherry County",NA, Nebraska, USA,pop1,1984,split_pseudo,986,Fig. 2,Survival,Hatching success,Hatching success,Prop hatched,Hatchling,0,females,Sand,Const,31,NA,-550,550,11,NA,11.6,0.48,9.6,10.4,0.48,NA,20,P,raw,15,1540.11,1540.550.11,150,0.64,12.8,7.2,0.64,NA,20,31,400,350
1540,Packard,1985,Testudines,Chelydridae,Chelydra,serpentina,Chelydra_serpentina,Chelydra,serpentina," Valentine National Wildlife Refuge,  Cherry County",NA, Nebraska, USA,pop1,1984,split_pseudo,986,Fig. 2,Survival,Hatching success,Hatching success,Prop hatched,Hatchling,0,females,Vermiculite,Const,31,NA,-950,950,12,NA,11.6,0.47,9.4,10.6,0.47,NA,20,P,raw,12,1540.12,1540.950.12,550,0.25,5,15,0.25,NA,20,31,400,750
1540,Packard,1985,Testudines,Chelydridae,Chelydra,serpentina,Chelydra_serpentina,Chelydra,serpentina," Valentine National Wildlife Refuge,  Cherry County",NA, Nebraska, USA,pop1,1984,split_pseudo,986,Fig. 2,Survival,Hatching success,Hatching success,Prop hatched,Hatchling,0,females,Vermiculite,Const,31,NA,-950,950,12,NA,11.6,0.47,9.4,10.6,0.47,NA,20,P,raw,12,1540.12,1540.950.12,150,0.54,10.8,9.2,0.54,NA,20,31,800,550
1540,Packard,1985,Testudines,Chelydridae,Chelydra,serpentina,Chelydra_serpentina,Chelydra,serpentina," Valentine National Wildlife Refuge,  Cherry County",NA, Nebraska, USA,pop1,1984,split_pseudo,986,Fig. 2,Survival,Hatching success,Hatching success,Prop hatched,Hatchling,0,females,Vermiculite,Const,31,NA,-550,550,12,NA,11.6,0.25,5,15,0.25,NA,20,P,raw,15,1540.12,1540.550.12,150,0.54,10.8,9.2,0.54,NA,20,31,400,350
1540,Packard,1985,Testudines,Chelydridae,Chelydra,serpentina,Chelydra_serpentina,Chelydra,serpentina," Valentine National Wildlife Refuge,  Cherry County",NA, Nebraska, USA,pop1,1984,split_pseudo,986,Fig. 2,Survival,Hatching success,Hatching success,Prop hatched,Hatchling,0,males,Sand,Const,26,NA,-950,950,7,NA,11.6,0.69,13.8,6.2,0.69,NA,20,P,raw,10,1540.7,1540.950.7,550,0.94,18.8,1.2,0.94,NA,20,26,400,750
1540,Packard,1985,Testudines,Chelydridae,Chelydra,serpentina,Chelydra_serpentina,Chelydra,serpentina," Valentine National Wildlife Refuge,  Cherry County",NA, Nebraska, USA,pop1,1984,split_pseudo,986,Fig. 2,Survival,Hatching success,Hatching success,Prop hatched,Hatchling,0,males,Sand,Const,26,NA,-950,950,7,NA,11.6,0.69,13.8,6.2,0.69,NA,20,P,raw,10,1540.7,1540.950.7,150,1,20,0.1,1,NA,20,26,800,550
1540,Packard,1985,Testudines,Chelydridae,Chelydra,serpentina,Chelydra_serpentina,Chelydra,serpentina," Valentine National Wildlife Refuge,  Cherry County",NA, Nebraska, USA,pop1,1984,split_pseudo,986,Fig. 2,Survival,Hatching success,Hatching success,Prop hatched,Hatchling,0,males,Sand,Const,26,NA,-550,550,7,NA,11.6,0.94,18.8,1.2,0.94,NA,20,P,raw,13,1540.7,1540.550.7,150,1,20,0.1,1,NA,20,26,400,350
1540,Packard,1985,Testudines,Chelydridae,Chelydra,serpentina,Chelydra_serpentina,Chelydra,serpentina," Valentine National Wildlife Refuge,  Cherry County",NA, Nebraska, USA,pop1,1984,split_pseudo,986,Fig. 2,Survival,Hatching success,Hatching success,Prop hatched,Hatchling,0,males,Vermiculite,Const,26,NA,-950,950,8,NA,11.6,0.73,14.6,5.4,0.73,NA,20,P,raw,10,1540.8,1540.950.8,550,0.79,15.8,4.2,0.79,NA,20,26,400,750
1540,Packard,1985,Testudines,Chelydridae,Chelydra,serpentina,Chelydra_serpentina,Chelydra,serpentina," Valentine National Wildlife Refuge,  Cherry County",NA, Nebraska, USA,pop1,1984,split_pseudo,986,Fig. 2,Survival,Hatching success,Hatching success,Prop hatched,Hatchling,0,males,Vermiculite,Const,26,NA,-950,950,8,NA,11.6,0.73,14.6,5.4,0.73,NA,20,P,raw,10,1540.8,1540.950.8,150,0.94,18.8,1.2,0.94,NA,20,26,800,550
1540,Packard,1985,Testudines,Chelydridae,Chelydra,serpentina,Chelydra_serpentina,Chelydra,serpentina," Valentine National Wildlife Refuge,  Cherry County",NA, Nebraska, USA,pop1,1984,split_pseudo,986,Fig. 2,Survival,Hatching success,Hatching success,Prop hatched,Hatchling,0,males,Vermiculite,Const,26,NA,-550,550,8,NA,11.6,0.79,15.8,4.2,0.79,NA,20,P,raw,13,1540.8,1540.550.8,150,0.94,18.8,1.2,0.94,NA,20,26,400,350
1540,Packard,1985,Testudines,Chelydridae,Chelydra,serpentina,Chelydra_serpentina,Chelydra,serpentina," Valentine National Wildlife Refuge,  Cherry County",NA, Nebraska, USA,pop1,1984,split_pseudo,986,Fig. 2,Survival,Hatching success,Hatching success,Prop hatched,Hatchling,0,mixed,Sand,Const,28.5,NA,-950,950,9,NA,11.6,0.74,14.8,5.2,0.74,NA,20,P,raw,11,1540.9,1540.950.9,550,0.79,15.8,4.2,0.79,NA,20,28.5,400,750
1540,Packard,1985,Testudines,Chelydridae,Chelydra,serpentina,Chelydra_serpentina,Chelydra,serpentina," Valentine National Wildlife Refuge,  Cherry County",NA, Nebraska, USA,pop1,1984,split_pseudo,986,Fig. 2,Survival,Hatching success,Hatching success,Prop hatched,Hatchling,0,mixed,Sand,Const,28.5,NA,-950,950,9,NA,11.6,0.74,14.8,5.2,0.74,NA,20,P,raw,11,1540.9,1540.950.9,150,0.99,19.8,0.2,0.99,NA,20,28.5,800,550
1540,Packard,1985,Testudines,Chelydridae,Chelydra,serpentina,Chelydra_serpentina,Chelydra,serpentina," Valentine National Wildlife Refuge,  Cherry County",NA, Nebraska, USA,pop1,1984,split_pseudo,986,Fig. 2,Survival,Hatching success,Hatching success,Prop hatched,Hatchling,0,mixed,Sand,Const,28.5,NA,-550,550,9,NA,11.6,0.79,15.8,4.2,0.79,NA,20,P,raw,14,1540.9,1540.550.9,150,0.99,19.8,0.2,0.99,NA,20,28.5,400,350
1627,Muth,1980,Squamata,Iguanidae,Dipsosaurus,dorsalis,Dipsosaurus_dorsalis,Dipsosaurus,dorsalis,"Palm Desert, Riverside County",NA, California,USA,pop1,year1,split_pseudo,1337,Table 1,Survival,Hatching success,Hatching success,Prop hatched,Hatchling,0,mixed,NA,Const,25,0,-1000,1000,1,NA,10.465,0,0.1,3.9,0,NA,4,P,raw,3,1627.1,1627.1000.1,500,0,0.1,2.9,0,NA,3,25,500,750
1627,Muth,1980,Squamata,Iguanidae,Dipsosaurus,dorsalis,Dipsosaurus_dorsalis,Dipsosaurus,dorsalis,"Palm Desert, Riverside County",NA, California,USA,pop1,year1,split_pseudo,1337,Table 1,Survival,Hatching success,Hatching success,Prop hatched,Hatchling,0,mixed,NA,Const,25,0,-1000,1000,1,NA,10.465,0,0.1,3.9,0,NA,4,P,raw,3,1627.1,1627.1000.1,100,0,0.1,0.9,0,NA,1,25,900,550
1627,Muth,1980,Squamata,Iguanidae,Dipsosaurus,dorsalis,Dipsosaurus_dorsalis,Dipsosaurus,dorsalis,"Palm Desert, Riverside County",NA, California,USA,pop1,year1,split_pseudo,1337,Table 1,Survival,Hatching success,Hatching success,Prop hatched,Hatchling,0,mixed,NA,Const,25,0,-500,500,1,NA,10.465,0,0.1,2.9,0,NA,3,P,raw,11,1627.1,1627.500.1,100,0,0.1,0.9,0,NA,1,25,400,300
1627,Muth,1980,Squamata,Iguanidae,Dipsosaurus,dorsalis,Dipsosaurus_dorsalis,Dipsosaurus,dorsalis,"Palm Desert, Riverside County",NA, California,USA,pop1,year1,split_pseudo,1337,Table 1,Survival,Hatching success,Hatching success,Prop hatched,Hatchling,0,mixed,NA,Const,28,0,-1000,1000,2,NA,10.465,0.75,3,1,0.75,NA,4,P,raw,4,1627.2,1627.1000.2,500,0.8,4,1,0.8,NA,5,28,500,750
1627,Muth,1980,Squamata,Iguanidae,Dipsosaurus,dorsalis,Dipsosaurus_dorsalis,Dipsosaurus,dorsalis,"Palm Desert, Riverside County",NA, California,USA,pop1,year1,split_pseudo,1337,Table 1,Survival,Hatching success,Hatching success,Prop hatched,Hatchling,0,mixed,NA,Const,28,0,-1000,1000,2,NA,10.465,0.75,3,1,0.75,NA,4,P,raw,4,1627.2,1627.1000.2,100,1,6,0.1,1,NA,6,28,900,550
1627,Muth,1980,Squamata,Iguanidae,Dipsosaurus,dorsalis,Dipsosaurus_dorsalis,Dipsosaurus,dorsalis,"Palm Desert, Riverside County",NA, California,USA,pop1,year1,split_pseudo,1337,Table 1,Survival,Hatching success,Hatching success,Prop hatched,Hatchling,0,mixed,NA,Const,28,0,-500,500,2,NA,10.465,0.8,4,1,0.8,NA,5,P,raw,12,1627.2,1627.500.2,100,1,6,0.1,1,NA,6,28,400,300
1627,Muth,1980,Squamata,Iguanidae,Dipsosaurus,dorsalis,Dipsosaurus_dorsalis,Dipsosaurus,dorsalis,"Palm Desert, Riverside County",NA, California,USA,pop1,year1,split_pseudo,1337,Table 1,Survival,Hatching success,Hatching success,Prop hatched,Hatchling,0,mixed,NA,Const,30,0,-1000,1000,3,NA,10.465,1,7,0.1,1,NA,7,P,raw,7,1627.3,1627.1000.3,500,0.9,9,1,0.9,NA,10,30,500,750
1627,Muth,1980,Squamata,Iguanidae,Dipsosaurus,dorsalis,Dipsosaurus_dorsalis,Dipsosaurus,dorsalis,"Palm Desert, Riverside County",NA, California,USA,pop1,year1,split_pseudo,1337,Table 1,Survival,Hatching success,Hatching success,Prop hatched,Hatchling,0,mixed,NA,Const,30,0,-1000,1000,3,NA,10.465,1,7,0.1,1,NA,7,P,raw,7,1627.3,1627.1000.3,100,0.88,7.04,0.96,0.88,NA,8,30,900,550
1627,Muth,1980,Squamata,Iguanidae,Dipsosaurus,dorsalis,Dipsosaurus_dorsalis,Dipsosaurus,dorsalis,"Palm Desert, Riverside County",NA, California,USA,pop1,year1,split_pseudo,1337,Table 1,Survival,Hatching success,Hatching success,Prop hatched,Hatchling,0,mixed,NA,Const,30,0,-500,500,3,NA,10.465,0.9,9,1,0.9,NA,10,P,raw,17,1627.3,1627.500.3,100,0.88,7.04,0.96,0.88,NA,8,30,400,300
1627,Muth,1980,Squamata,Iguanidae,Dipsosaurus,dorsalis,Dipsosaurus_dorsalis,Dipsosaurus,dorsalis,"Palm Desert, Riverside County",NA, California,USA,pop1,year1,split_pseudo,1337,Table 1,Survival,Hatching success,Hatching success,Prop hatched,Hatchling,0,mixed,NA,Const,32,0,-1000,1000,4,NA,10.465,0.67,4.02,1.98,0.67,NA,6,P,raw,5,1627.4,1627.1000.4,500,0.67,6.03,2.97,0.67,NA,9,32,500,750
1627,Muth,1980,Squamata,Iguanidae,Dipsosaurus,dorsalis,Dipsosaurus_dorsalis,Dipsosaurus,dorsalis,"Palm Desert, Riverside County",NA, California,USA,pop1,year1,split_pseudo,1337,Table 1,Survival,Hatching success,Hatching success,Prop hatched,Hatchling,0,mixed,NA,Const,32,0,-1000,1000,4,NA,10.465,0.67,4.02,1.98,0.67,NA,6,P,raw,5,1627.4,1627.1000.4,100,0.78,7.02,1.98,0.78,NA,9,32,900,550
1627,Muth,1980,Squamata,Iguanidae,Dipsosaurus,dorsalis,Dipsosaurus_dorsalis,Dipsosaurus,dorsalis,"Palm Desert, Riverside County",NA, California,USA,pop1,year1,split_pseudo,1337,Table 1,Survival,Hatching success,Hatching success,Prop hatched,Hatchling,0,mixed,NA,Const,32,0,-500,500,4,NA,10.465,0.67,6.03,2.97,0.67,NA,9,P,raw,15,1627.4,1627.500.4,100,0.78,7.02,1.98,0.78,NA,9,32,400,300
1627,Muth,1980,Squamata,Iguanidae,Dipsosaurus,dorsalis,Dipsosaurus_dorsalis,Dipsosaurus,dorsalis,"Palm Desert, Riverside County",NA, California,USA,pop1,year1,split_pseudo,1337,Table 1,Survival,Hatching success,Hatching success,Prop hatched,Hatchling,0,mixed,NA,Const,34,0,-1000,1000,5,NA,10.465,0.78,7.02,1.98,0.78,NA,9,P,raw,8,1627.5,1627.1000.5,500,0.99,7.92,0.08,0.99,NA,8,34,500,750
1627,Muth,1980,Squamata,Iguanidae,Dipsosaurus,dorsalis,Dipsosaurus_dorsalis,Dipsosaurus,dorsalis,"Palm Desert, Riverside County",NA, California,USA,pop1,year1,split_pseudo,1337,Table 1,Survival,Hatching success,Hatching success,Prop hatched,Hatchling,0,mixed,NA,Const,34,0,-1000,1000,5,NA,10.465,0.78,7.02,1.98,0.78,NA,9,P,raw,8,1627.5,1627.1000.5,100,1,7,0.1,1,NA,7,34,900,550
1627,Muth,1980,Squamata,Iguanidae,Dipsosaurus,dorsalis,Dipsosaurus_dorsalis,Dipsosaurus,dorsalis,"Palm Desert, Riverside County",NA, California,USA,pop1,year1,split_pseudo,1337,Table 1,Survival,Hatching success,Hatching success,Prop hatched,Hatchling,0,mixed,NA,Const,34,0,-500,500,5,NA,10.465,0.99,7.92,0.08,0.99,NA,8,P,raw,14,1627.5,1627.500.5,100,1,7,0.1,1,NA,7,34,400,300
1627,Muth,1980,Squamata,Iguanidae,Dipsosaurus,dorsalis,Dipsosaurus_dorsalis,Dipsosaurus,dorsalis,"Palm Desert, Riverside County",NA, California,USA,pop1,year1,split_pseudo,1337,Table 1,Survival,Hatching success,Hatching success,Prop hatched,Hatchling,0,mixed,NA,Const,36,0,-2000,2000,6,NA,10.465,0.22,1.98,7.02,0.22,NA,9,P,raw,1,1627.6,1627.2000.6,1500,0.46,5.06,5.94,0.46,NA,11,36,500,1750
1627,Muth,1980,Squamata,Iguanidae,Dipsosaurus,dorsalis,Dipsosaurus_dorsalis,Dipsosaurus,dorsalis,"Palm Desert, Riverside County",NA, California,USA,pop1,year1,split_pseudo,1337,Table 1,Survival,Hatching success,Hatching success,Prop hatched,Hatchling,0,mixed,NA,Const,36,0,-2000,2000,6,NA,10.465,0.22,1.98,7.02,0.22,NA,9,P,raw,1,1627.6,1627.2000.6,1000,0.89,8.01,0.99,0.89,NA,9,36,1000,1500
1627,Muth,1980,Squamata,Iguanidae,Dipsosaurus,dorsalis,Dipsosaurus_dorsalis,Dipsosaurus,dorsalis,"Palm Desert, Riverside County",NA, California,USA,pop1,year1,split_pseudo,1337,Table 1,Survival,Hatching success,Hatching success,Prop hatched,Hatchling,0,mixed,NA,Const,36,0,-2000,2000,6,NA,10.465,0.22,1.98,7.02,0.22,NA,9,P,raw,1,1627.6,1627.2000.6,500,1,9,0.1,1,NA,9,36,1500,1250
1627,Muth,1980,Squamata,Iguanidae,Dipsosaurus,dorsalis,Dipsosaurus_dorsalis,Dipsosaurus,dorsalis,"Palm Desert, Riverside County",NA, California,USA,pop1,year1,split_pseudo,1337,Table 1,Survival,Hatching success,Hatching success,Prop hatched,Hatchling,0,mixed,NA,Const,36,0,-2000,2000,6,NA,10.465,0.22,1.98,7.02,0.22,NA,9,P,raw,1,1627.6,1627.2000.6,50,1,34,0.1,1,NA,34,36,1950,1025
1627,Muth,1980,Squamata,Iguanidae,Dipsosaurus,dorsalis,Dipsosaurus_dorsalis,Dipsosaurus,dorsalis,"Palm Desert, Riverside County",NA, California,USA,pop1,year1,split_pseudo,1337,Table 1,Survival,Hatching success,Hatching success,Prop hatched,Hatchling,0,mixed,NA,Const,36,0,-1500,1500,6,NA,10.465,0.46,5.06,5.94,0.46,NA,11,P,raw,2,1627.6,1627.1500.6,1000,0.89,8.01,0.99,0.89,NA,9,36,500,1250
1627,Muth,1980,Squamata,Iguanidae,Dipsosaurus,dorsalis,Dipsosaurus_dorsalis,Dipsosaurus,dorsalis,"Palm Desert, Riverside County",NA, California,USA,pop1,year1,split_pseudo,1337,Table 1,Survival,Hatching success,Hatching success,Prop hatched,Hatchling,0,mixed,NA,Const,36,0,-1500,1500,6,NA,10.465,0.46,5.06,5.94,0.46,NA,11,P,raw,2,1627.6,1627.1500.6,500,1,9,0.1,1,NA,9,36,1000,1000
1627,Muth,1980,Squamata,Iguanidae,Dipsosaurus,dorsalis,Dipsosaurus_dorsalis,Dipsosaurus,dorsalis,"Palm Desert, Riverside County",NA, California,USA,pop1,year1,split_pseudo,1337,Table 1,Survival,Hatching success,Hatching success,Prop hatched,Hatchling,0,mixed,NA,Const,36,0,-1500,1500,6,NA,10.465,0.46,5.06,5.94,0.46,NA,11,P,raw,2,1627.6,1627.1500.6,50,1,34,0.1,1,NA,34,36,1450,775
1627,Muth,1980,Squamata,Iguanidae,Dipsosaurus,dorsalis,Dipsosaurus_dorsalis,Dipsosaurus,dorsalis,"Palm Desert, Riverside County",NA, California,USA,pop1,year1,split_pseudo,1337,Table 1,Survival,Hatching success,Hatching success,Prop hatched,Hatchling,0,mixed,NA,Const,36,0,-1000,1000,6,NA,10.465,0.89,8.01,0.99,0.89,NA,9,P,raw,9,1627.6,1627.1000.6,500,1,9,0.1,1,NA,9,36,500,750
1627,Muth,1980,Squamata,Iguanidae,Dipsosaurus,dorsalis,Dipsosaurus_dorsalis,Dipsosaurus,dorsalis,"Palm Desert, Riverside County",NA, California,USA,pop1,year1,split_pseudo,1337,Table 1,Survival,Hatching success,Hatching success,Prop hatched,Hatchling,0,mixed,NA,Const,36,0,-1000,1000,6,NA,10.465,0.89,8.01,0.99,0.89,NA,9,P,raw,9,1627.6,1627.1000.6,50,1,34,0.1,1,NA,34,36,950,525
1627,Muth,1980,Squamata,Iguanidae,Dipsosaurus,dorsalis,Dipsosaurus_dorsalis,Dipsosaurus,dorsalis,"Palm Desert, Riverside County",NA, California,USA,pop1,year1,split_pseudo,1337,Table 1,Survival,Hatching success,Hatching success,Prop hatched,Hatchling,0,mixed,NA,Const,36,0,-500,500,6,NA,10.465,1,9,0.1,1,NA,9,P,raw,16,1627.6,1627.500.6,50,1,34,0.1,1,NA,34,36,450,275
1627,Muth,1980,Squamata,Iguanidae,Dipsosaurus,dorsalis,Dipsosaurus_dorsalis,Dipsosaurus,dorsalis,"Palm Desert, Riverside County",NA, California,USA,pop1,year1,split_pseudo,1337,Table 1,Survival,Hatching success,Hatching success,Prop hatched,Hatchling,0,mixed,NA,Const,38,0,-1000,1000,7,NA,10.465,1,9,0.1,1,NA,9,P,raw,10,1627.7,1627.1000.7,500,0.82,9.02,1.98,0.82,NA,11,38,500,750
1627,Muth,1980,Squamata,Iguanidae,Dipsosaurus,dorsalis,Dipsosaurus_dorsalis,Dipsosaurus,dorsalis,"Palm Desert, Riverside County",NA, California,USA,pop1,year1,split_pseudo,1337,Table 1,Survival,Hatching success,Hatching success,Prop hatched,Hatchling,0,mixed,NA,Const,38,0,-1000,1000,7,NA,10.465,1,9,0.1,1,NA,9,P,raw,10,1627.7,1627.1000.7,100,0.73,8.03,2.97,0.73,NA,11,38,900,550
1627,Muth,1980,Squamata,Iguanidae,Dipsosaurus,dorsalis,Dipsosaurus_dorsalis,Dipsosaurus,dorsalis,"Palm Desert, Riverside County",NA, California,USA,pop1,year1,split_pseudo,1337,Table 1,Survival,Hatching success,Hatching success,Prop hatched,Hatchling,0,mixed,NA,Const,38,0,-500,500,7,NA,10.465,0.82,9.02,1.98,0.82,NA,11,P,raw,18,1627.7,1627.500.7,100,0.73,8.03,2.97,0.73,NA,11,38,400,300
1627,Muth,1980,Squamata,Iguanidae,Dipsosaurus,dorsalis,Dipsosaurus_dorsalis,Dipsosaurus,dorsalis,"Palm Desert, Riverside County",NA, California,USA,pop1,year1,split_pseudo,1337,Table 1,Survival,Hatching success,Hatching success,Prop hatched,Hatchling,0,mixed,NA,Const,38,0,-1000,1000,8,NA,10.465,1,9,0.1,1,NA,9,P,raw,10,1627.8,1627.1000.8,500,0.82,9.02,1.98,0.82,NA,11,38,500,750
1627,Muth,1980,Squamata,Iguanidae,Dipsosaurus,dorsalis,Dipsosaurus_dorsalis,Dipsosaurus,dorsalis,"Palm Desert, Riverside County",NA, California,USA,pop1,year1,split_pseudo,1337,Table 1,Survival,Hatching success,Hatching success,Prop hatched,Hatchling,0,mixed,NA,Const,38,0,-1000,1000,8,NA,10.465,1,9,0.1,1,NA,9,P,raw,10,1627.8,1627.1000.8,100,0.73,8.03,2.97,0.73,NA,11,38,900,550
1627,Muth,1980,Squamata,Iguanidae,Dipsosaurus,dorsalis,Dipsosaurus_dorsalis,Dipsosaurus,dorsalis,"Palm Desert, Riverside County",NA, California,USA,pop1,year1,split_pseudo,1337,Table 1,Survival,Hatching success,Hatching success,Prop hatched,Hatchling,0,mixed,NA,Const,38,0,-500,500,8,NA,10.465,0.82,9.02,1.98,0.82,NA,11,P,raw,18,1627.8,1627.500.8,100,0.73,8.03,2.97,0.73,NA,11,38,400,300
1627,Muth,1980,Squamata,Iguanidae,Dipsosaurus,dorsalis,Dipsosaurus_dorsalis,Dipsosaurus,dorsalis,"Palm Desert, Riverside County",NA, California,USA,pop1,year1,split_pseudo,1337,Table 1,Survival,Hatching success,Hatching success,Prop hatched,Hatchling,0,mixed,NA,Const,40,0,-1000,1000,9,NA,10.465,0.83,4.98,1.02,0.83,NA,6,P,raw,6,1627.9,1627.1000.9,500,0.33,1.98,4.02,0.33,NA,6,40,500,750
1627,Muth,1980,Squamata,Iguanidae,Dipsosaurus,dorsalis,Dipsosaurus_dorsalis,Dipsosaurus,dorsalis,"Palm Desert, Riverside County",NA, California,USA,pop1,year1,split_pseudo,1337,Table 1,Survival,Hatching success,Hatching success,Prop hatched,Hatchling,0,mixed,NA,Const,40,0,-1000,1000,9,NA,10.465,0.83,4.98,1.02,0.83,NA,6,P,raw,6,1627.9,1627.1000.9,100,0.38,3.04,4.96,0.38,NA,8,40,900,550
1627,Muth,1980,Squamata,Iguanidae,Dipsosaurus,dorsalis,Dipsosaurus_dorsalis,Dipsosaurus,dorsalis,"Palm Desert, Riverside County",NA, California,USA,pop1,year1,split_pseudo,1337,Table 1,Survival,Hatching success,Hatching success,Prop hatched,Hatchling,0,mixed,NA,Const,40,0,-500,500,9,NA,10.465,0.33,1.98,4.02,0.33,NA,6,P,raw,13,1627.9,1627.500.9,100,0.38,3.04,4.96,0.38,NA,8,40,400,300
1632,Paukstis,1984,Testudines,Emydidae,Chrysemys,picta,Chrysemys_picta,Chrysemys,picta,"Valentine National Wildlife Refuge,  Cherry County",NA, Nebraska, USA,NA,1982,split_pseudo,1492,Table 1,Survival,Hatching success,Hatching success,Prop survived,Hatchling,0,mixed,NA,Fluct,22.5,3.5,-1500,1500,1,NA,6.65,0,0.1,24.9,0,NA,25,P,raw,2,1632.1,1632.1500.1,1100,0.12,3,22,0.12,NA,25,22.5,400,1300
1632,Paukstis,1984,Testudines,Emydidae,Chrysemys,picta,Chrysemys_picta,Chrysemys,picta,"Valentine National Wildlife Refuge,  Cherry County",NA, Nebraska, USA,NA,1982,split_pseudo,1492,Table 1,Survival,Hatching success,Hatching success,Prop survived,Hatchling,0,mixed,NA,Fluct,22.5,3.5,-1500,1500,1,NA,6.65,0,0.1,24.9,0,NA,25,P,raw,2,1632.1,1632.1500.1,650,0.44,11,14,0.44,NA,25,22.5,850,1075
1632,Paukstis,1984,Testudines,Emydidae,Chrysemys,picta,Chrysemys_picta,Chrysemys,picta,"Valentine National Wildlife Refuge,  Cherry County",NA, Nebraska, USA,NA,1982,split_pseudo,1492,Table 1,Survival,Hatching success,Hatching success,Prop survived,Hatchling,0,mixed,NA,Fluct,22.5,3.5,-1500,1500,1,NA,6.65,0,0.1,24.9,0,NA,25,P,raw,2,1632.1,1632.1500.1,150,0.68,17,8,0.68,NA,25,22.5,1350,825
1632,Paukstis,1984,Testudines,Emydidae,Chrysemys,picta,Chrysemys_picta,Chrysemys,picta,"Valentine National Wildlife Refuge,  Cherry County",NA, Nebraska, USA,NA,1982,split_pseudo,1492,Table 1,Survival,Hatching success,Hatching success,Prop survived,Hatchling,0,mixed,NA,Fluct,22.5,3.5,-1100,1100,1,NA,6.65,0.12,3,22,0.12,NA,25,P,raw,4,1632.1,1632.1100.1,650,0.44,11,14,0.44,NA,25,22.5,450,875
1632,Paukstis,1984,Testudines,Emydidae,Chrysemys,picta,Chrysemys_picta,Chrysemys,picta,"Valentine National Wildlife Refuge,  Cherry County",NA, Nebraska, USA,NA,1982,split_pseudo,1492,Table 1,Survival,Hatching success,Hatching success,Prop survived,Hatchling,0,mixed,NA,Fluct,22.5,3.5,-1100,1100,1,NA,6.65,0.12,3,22,0.12,NA,25,P,raw,4,1632.1,1632.1100.1,150,0.68,17,8,0.68,NA,25,22.5,950,625
1632,Paukstis,1984,Testudines,Emydidae,Chrysemys,picta,Chrysemys_picta,Chrysemys,picta,"Valentine National Wildlife Refuge,  Cherry County",NA, Nebraska, USA,NA,1982,split_pseudo,1492,Table 1,Survival,Hatching success,Hatching success,Prop survived,Hatchling,0,mixed,NA,Fluct,22.5,3.5,-650,650,1,NA,6.65,0.44,11,14,0.44,NA,25,P,raw,6,1632.1,1632.650.1,150,0.68,17,8,0.68,NA,25,22.5,500,400
1632,Paukstis,1984,Testudines,Emydidae,Chrysemys,picta,Chrysemys_picta,Chrysemys,picta,"Valentine National Wildlife Refuge,  Cherry County",NA, Nebraska, USA,NA,1982,split_pseudo,1492,Table 1,Survival,Hatching success,Hatching success,Prop survived,Hatchling,0,mixed,NA,Fluct,24.5,6.5,-1500,1500,2,NA,6.65,0.4,10,15,0.4,NA,25,P,raw,1,1632.2,1632.1500.2,1100,0.48,12,13,0.48,NA,25,24.5,400,1300
1632,Paukstis,1984,Testudines,Emydidae,Chrysemys,picta,Chrysemys_picta,Chrysemys,picta,"Valentine National Wildlife Refuge,  Cherry County",NA, Nebraska, USA,NA,1982,split_pseudo,1492,Table 1,Survival,Hatching success,Hatching success,Prop survived,Hatchling,0,mixed,NA,Fluct,24.5,6.5,-1500,1500,2,NA,6.65,0.4,10,15,0.4,NA,25,P,raw,1,1632.2,1632.1500.2,650,0.76,19,6,0.76,NA,25,24.5,850,1075
1632,Paukstis,1984,Testudines,Emydidae,Chrysemys,picta,Chrysemys_picta,Chrysemys,picta,"Valentine National Wildlife Refuge,  Cherry County",NA, Nebraska, USA,NA,1982,split_pseudo,1492,Table 1,Survival,Hatching success,Hatching success,Prop survived,Hatchling,0,mixed,NA,Fluct,24.5,6.5,-1500,1500,2,NA,6.65,0.4,10,15,0.4,NA,25,P,raw,1,1632.2,1632.1500.2,150,0.76,19,6,0.76,NA,25,24.5,1350,825
1632,Paukstis,1984,Testudines,Emydidae,Chrysemys,picta,Chrysemys_picta,Chrysemys,picta,"Valentine National Wildlife Refuge,  Cherry County",NA, Nebraska, USA,NA,1982,split_pseudo,1492,Table 1,Survival,Hatching success,Hatching success,Prop survived,Hatchling,0,mixed,NA,Fluct,24.5,6.5,-1100,1100,2,NA,6.65,0.48,12,13,0.48,NA,25,P,raw,3,1632.2,1632.1100.2,650,0.76,19,6,0.76,NA,25,24.5,450,875
1632,Paukstis,1984,Testudines,Emydidae,Chrysemys,picta,Chrysemys_picta,Chrysemys,picta,"Valentine National Wildlife Refuge,  Cherry County",NA, Nebraska, USA,NA,1982,split_pseudo,1492,Table 1,Survival,Hatching success,Hatching success,Prop survived,Hatchling,0,mixed,NA,Fluct,24.5,6.5,-1100,1100,2,NA,6.65,0.48,12,13,0.48,NA,25,P,raw,3,1632.2,1632.1100.2,150,0.76,19,6,0.76,NA,25,24.5,950,625
1632,Paukstis,1984,Testudines,Emydidae,Chrysemys,picta,Chrysemys_picta,Chrysemys,picta,"Valentine National Wildlife Refuge,  Cherry County",NA, Nebraska, USA,NA,1982,split_pseudo,1492,Table 1,Survival,Hatching success,Hatching success,Prop survived,Hatchling,0,mixed,NA,Fluct,24.5,6.5,-650,650,2,NA,6.65,0.76,19,6,0.76,NA,25,P,raw,5,1632.2,1632.650.2,150,0.76,19,6,0.76,NA,25,24.5,500,400
1662,Zhang,2001,Squamata,Colubridae,Dinodon,rufozonatum,Lycodon_rufozonatus,Lycodon,rufozonatus,NA,NA,NA,China,NA,NA,other,37,Table 1,Survival,Hatching success,Hatching success,Prop hatched,Hatchling,0,mixed,NA,Const,24,0.6,-500,500,3,NA,5.12,0.92,23,2,0.92,NA,25,P,raw,6,1662.3,1662.500.3,0,0.889,16.002,1.998,0.889,NA,18,24,500,250
1662,Zhang,2001,Squamata,Colubridae,Dinodon,rufozonatum,Lycodon_rufozonatus,Lycodon,rufozonatus,NA,NA,NA,China,NA,NA,other,37,Table 1,Survival,Hatching success,Hatching success,Prop hatched,Hatchling,0,mixed,NA,Const,30,0.6,-500,500,4,NA,5.05,0.827,19.021,3.979,0.827,NA,23,P,raw,5,1662.4,1662.500.4,0,0.938,15.008,0.992,0.938,NA,16,30,500,250
1709,Gatto,2020,Testudines,Cheloniidae,Chelonia,mydas,Chelonia_mydas,Chelonia,mydas,"Heron Island, Queensland, Australia",Melbourne,Victoria,Australia,pop1,2020,split_pseudo,784,Table 1,Survival,Hatching Success,Hatching Success,Prop Hatched,Hatchling,0,mixed,NA,Const,28,0.1,4%,25,14,-25,49.73,0.91,89.18,8.82,91,6.83,98,SD,raw,30,1709.14,1709.25.14,0,0.9275,90.895,7.105,92.75,3.95,98,28,25,12.5
1709,Gatto,2020,Testudines,Cheloniidae,Lepidochelys,olivacea,Lepidochelys_olivacea,Lepidochelys,olivacea,"Tiwi Islands, Northern Territory, Australia",Melbourne,Victoria,Australia,pop1,2020,split_pseudo,784,Table 1,Survival,Hatching Success,Hatching Success,Prop Hatched,Hatchling,0,mixed,NA,Const,29,0.02,4%,25,15,-25,34,0.7167,43.002,16.998,71.67,23.17,60,SD,raw,28,1709.15,1709.25.15,0,0.6333,37.998,22.002,63.33,43.2,60,29,25,12.5
1709,Gatto,2020,Testudines,Cheloniidae,Natator,depressus,Natator_depressus,Natator,depressus,"Curtis Island, Queensland, Australia",Melbourne,Victoria,Australia,pop1,2020,split_pseudo,784,Table 1,Survival,Hatching Success,Hatching Success,Prop Hatched,Hatchling,0,mixed,NA,Const,29,0.26,8%,25,16,25,74,0.7667,46.002,13.998,76.67,21.6,60,SD,raw,34,1709.16,1709.25.16,0,0.8667,52.002,7.998,86.67,10.33,60,29,25,12.5
1749,Hall,2021,Squamata,Dactyloidae,Anolis,sagrei,Anolis_sagrei,Anolis,sagrei,Guana Tolomato Matanzas National Estuarine Research Reserve,Palm Coast,Florida,USA,pop1,2021,Independent_pseudo,Supplementary Information,Table S1 (supplementary),Survival,Hatching success,Hatching success,%,Hatchling,0,mixed,sand/shell substrate,Fluct,26.3,4.8,-7416,7416,2,NA,0.142,0,0.1,34.9,0,NA,35,SD,raw,8,1749.2,1749.7416.2,7129,0,0.1,33.9,0,NA,34,26.3,287,7272.5
1749,Hall,2021,Squamata,Dactyloidae,Anolis,sagrei,Anolis_sagrei,Anolis,sagrei,Guana Tolomato Matanzas National Estuarine Research Reserve,Palm Coast,Florida,USA,pop1,2021,Independent_pseudo,Supplementary Information,Table S1 (supplementary),Survival,Hatching success,Hatching success,%,Hatchling,0,mixed,sand/shell substrate,Fluct,26.3,4.8,-7416,7416,2,NA,0.142,0,0.1,34.9,0,NA,35,SD,raw,8,1749.2,1749.7416.2,117,0.8409,38.6814,7.3186,84.09,NA,46,26.3,7299,3766.5
1749,Hall,2021,Squamata,Dactyloidae,Anolis,sagrei,Anolis_sagrei,Anolis,sagrei,Guana Tolomato Matanzas National Estuarine Research Reserve,Palm Coast,Florida,USA,pop1,2021,Independent_pseudo,Supplementary Information,Table S1 (supplementary),Survival,Hatching success,Hatching success,%,Hatchling,0,mixed,sand/shell substrate,Fluct,26.3,4.8,-7416,7416,2,NA,0.142,0,0.1,34.9,0,NA,35,SD,raw,8,1749.2,1749.7416.2,100,0.8913,38.3259,4.6741,89.13,NA,43,26.3,7316,3758
1749,Hall,2021,Squamata,Dactyloidae,Anolis,sagrei,Anolis_sagrei,Anolis,sagrei,Guana Tolomato Matanzas National Estuarine Research Reserve,Palm Coast,Florida,USA,pop1,2021,Independent_pseudo,Supplementary Information,Table S1 (supplementary),Survival,Hatching success,Hatching success,%,Hatchling,0,mixed,sand/shell substrate,Fluct,26.3,4.8,-7416,7416,2,NA,0.142,0,0.1,34.9,0,NA,35,SD,raw,8,1749.2,1749.7416.2,40,0.9149,42.0854,3.9146,91.49,NA,46,26.3,7376,3728
1749,Hall,2021,Squamata,Dactyloidae,Anolis,sagrei,Anolis_sagrei,Anolis,sagrei,Guana Tolomato Matanzas National Estuarine Research Reserve,Palm Coast,Florida,USA,pop1,2021,Independent_pseudo,Supplementary Information,Table S1 (supplementary),Survival,Hatching success,Hatching success,%,Hatchling,0,mixed,sand/shell substrate,Fluct,26.3,4.8,-7416,7416,2,NA,0.142,0,0.1,34.9,0,NA,35,SD,raw,8,1749.2,1749.7416.2,33,0.9783,45.9801,1.0199,97.83,NA,47,26.3,7383,3724.5
1749,Hall,2021,Squamata,Dactyloidae,Anolis,sagrei,Anolis_sagrei,Anolis,sagrei,Guana Tolomato Matanzas National Estuarine Research Reserve,Palm Coast,Florida,USA,pop1,2021,Independent_pseudo,Supplementary Information,Table S1 (supplementary),Survival,Hatching success,Hatching success,%,Hatchling,0,mixed,sand/shell substrate,Fluct,26.3,4.8,-7416,7416,2,NA,0.142,0,0.1,34.9,0,NA,35,SD,raw,8,1749.2,1749.7416.2,30,0.9362,42.129,2.871,93.62,NA,45,26.3,7386,3723
1749,Hall,2021,Squamata,Dactyloidae,Anolis,sagrei,Anolis_sagrei,Anolis,sagrei,Guana Tolomato Matanzas National Estuarine Research Reserve,Palm Coast,Florida,USA,pop1,2021,Independent_pseudo,Supplementary Information,Table S1 (supplementary),Survival,Hatching success,Hatching success,%,Hatchling,0,mixed,dark organic soil substrate,Fluct,26.3,4.8,-7129,7129,2,NA,0.142,0,0.1,33.9,0,NA,34,SD,raw,9,1749.2,1749.7129.2,117,0.8409,38.6814,7.3186,84.09,NA,46,26.3,7012,3623
1749,Hall,2021,Squamata,Dactyloidae,Anolis,sagrei,Anolis_sagrei,Anolis,sagrei,Guana Tolomato Matanzas National Estuarine Research Reserve,Palm Coast,Florida,USA,pop1,2021,Independent_pseudo,Supplementary Information,Table S1 (supplementary),Survival,Hatching success,Hatching success,%,Hatchling,0,mixed,dark organic soil substrate,Fluct,26.3,4.8,-7129,7129,2,NA,0.142,0,0.1,33.9,0,NA,34,SD,raw,9,1749.2,1749.7129.2,100,0.8913,38.3259,4.6741,89.13,NA,43,26.3,7029,3614.5
1749,Hall,2021,Squamata,Dactyloidae,Anolis,sagrei,Anolis_sagrei,Anolis,sagrei,Guana Tolomato Matanzas National Estuarine Research Reserve,Palm Coast,Florida,USA,pop1,2021,Independent_pseudo,Supplementary Information,Table S1 (supplementary),Survival,Hatching success,Hatching success,%,Hatchling,0,mixed,dark organic soil substrate,Fluct,26.3,4.8,-7129,7129,2,NA,0.142,0,0.1,33.9,0,NA,34,SD,raw,9,1749.2,1749.7129.2,40,0.9149,42.0854,3.9146,91.49,NA,46,26.3,7089,3584.5
1749,Hall,2021,Squamata,Dactyloidae,Anolis,sagrei,Anolis_sagrei,Anolis,sagrei,Guana Tolomato Matanzas National Estuarine Research Reserve,Palm Coast,Florida,USA,pop1,2021,Independent_pseudo,Supplementary Information,Table S1 (supplementary),Survival,Hatching success,Hatching success,%,Hatchling,0,mixed,dark organic soil substrate,Fluct,26.3,4.8,-7129,7129,2,NA,0.142,0,0.1,33.9,0,NA,34,SD,raw,9,1749.2,1749.7129.2,33,0.9783,45.9801,1.0199,97.83,NA,47,26.3,7096,3581
1749,Hall,2021,Squamata,Dactyloidae,Anolis,sagrei,Anolis_sagrei,Anolis,sagrei,Guana Tolomato Matanzas National Estuarine Research Reserve,Palm Coast,Florida,USA,pop1,2021,Independent_pseudo,Supplementary Information,Table S1 (supplementary),Survival,Hatching success,Hatching success,%,Hatchling,0,mixed,dark organic soil substrate,Fluct,26.3,4.8,-7129,7129,2,NA,0.142,0,0.1,33.9,0,NA,34,SD,raw,9,1749.2,1749.7129.2,30,0.9362,42.129,2.871,93.62,NA,45,26.3,7099,3579.5
1749,Hall,2021,Squamata,Dactyloidae,Anolis,sagrei,Anolis_sagrei,Anolis,sagrei,Guana Tolomato Matanzas National Estuarine Research Reserve,Palm Coast,Florida,USA,pop1,2021,Independent_pseudo,Supplementary Information,Table S1 (supplementary),Survival,Hatching success,Hatching success,%,Hatchling,0,mixed,sand/shell substrate,Fluct,26.3,4.8,-117,117,2,NA,0.142,0.8409,38.6814,7.3186,84.09,NA,46,SD,raw,10,1749.2,1749.117.2,100,0.8913,38.3259,4.6741,89.13,NA,43,26.3,17,108.5
1749,Hall,2021,Squamata,Dactyloidae,Anolis,sagrei,Anolis_sagrei,Anolis,sagrei,Guana Tolomato Matanzas National Estuarine Research Reserve,Palm Coast,Florida,USA,pop1,2021,Independent_pseudo,Supplementary Information,Table S1 (supplementary),Survival,Hatching success,Hatching success,%,Hatchling,0,mixed,sand/shell substrate,Fluct,26.3,4.8,-117,117,2,NA,0.142,0.8409,38.6814,7.3186,84.09,NA,46,SD,raw,10,1749.2,1749.117.2,40,0.9149,42.0854,3.9146,91.49,NA,46,26.3,77,78.5
1749,Hall,2021,Squamata,Dactyloidae,Anolis,sagrei,Anolis_sagrei,Anolis,sagrei,Guana Tolomato Matanzas National Estuarine Research Reserve,Palm Coast,Florida,USA,pop1,2021,Independent_pseudo,Supplementary Information,Table S1 (supplementary),Survival,Hatching success,Hatching success,%,Hatchling,0,mixed,sand/shell substrate,Fluct,26.3,4.8,-117,117,2,NA,0.142,0.8409,38.6814,7.3186,84.09,NA,46,SD,raw,10,1749.2,1749.117.2,33,0.9783,45.9801,1.0199,97.83,NA,47,26.3,84,75
1749,Hall,2021,Squamata,Dactyloidae,Anolis,sagrei,Anolis_sagrei,Anolis,sagrei,Guana Tolomato Matanzas National Estuarine Research Reserve,Palm Coast,Florida,USA,pop1,2021,Independent_pseudo,Supplementary Information,Table S1 (supplementary),Survival,Hatching success,Hatching success,%,Hatchling,0,mixed,sand/shell substrate,Fluct,26.3,4.8,-117,117,2,NA,0.142,0.8409,38.6814,7.3186,84.09,NA,46,SD,raw,10,1749.2,1749.117.2,30,0.9362,42.129,2.871,93.62,NA,45,26.3,87,73.5
1749,Hall,2021,Squamata,Dactyloidae,Anolis,sagrei,Anolis_sagrei,Anolis,sagrei,Guana Tolomato Matanzas National Estuarine Research Reserve,Palm Coast,Florida,USA,pop1,2021,Independent_pseudo,Supplementary Information,Table S1 (supplementary),Survival,Hatching success,Hatching success,%,Hatchling,0,mixed,dark organic soil substrate,Fluct,26.3,4.8,-100,100,2,NA,0.142,0.8913,38.3259,4.6741,89.13,NA,43,SD,raw,11,1749.2,1749.100.2,40,0.9149,42.0854,3.9146,91.49,NA,46,26.3,60,70
1749,Hall,2021,Squamata,Dactyloidae,Anolis,sagrei,Anolis_sagrei,Anolis,sagrei,Guana Tolomato Matanzas National Estuarine Research Reserve,Palm Coast,Florida,USA,pop1,2021,Independent_pseudo,Supplementary Information,Table S1 (supplementary),Survival,Hatching success,Hatching success,%,Hatchling,0,mixed,dark organic soil substrate,Fluct,26.3,4.8,-100,100,2,NA,0.142,0.8913,38.3259,4.6741,89.13,NA,43,SD,raw,11,1749.2,1749.100.2,33,0.9783,45.9801,1.0199,97.83,NA,47,26.3,67,66.5
1749,Hall,2021,Squamata,Dactyloidae,Anolis,sagrei,Anolis_sagrei,Anolis,sagrei,Guana Tolomato Matanzas National Estuarine Research Reserve,Palm Coast,Florida,USA,pop1,2021,Independent_pseudo,Supplementary Information,Table S1 (supplementary),Survival,Hatching success,Hatching success,%,Hatchling,0,mixed,dark organic soil substrate,Fluct,26.3,4.8,-100,100,2,NA,0.142,0.8913,38.3259,4.6741,89.13,NA,43,SD,raw,11,1749.2,1749.100.2,30,0.9362,42.129,2.871,93.62,NA,45,26.3,70,65
1749,Hall,2021,Squamata,Dactyloidae,Anolis,sagrei,Anolis_sagrei,Anolis,sagrei,Guana Tolomato Matanzas National Estuarine Research Reserve,Palm Coast,Florida,USA,pop1,2021,Independent_pseudo,Supplementary Information,Table S1 (supplementary),Survival,Hatching success,Hatching success,%,Hatchling,0,mixed,dark organic soil substrate,Fluct,26.3,4.8,-40,40,2,NA,0.142,0.9149,42.0854,3.9146,91.49,NA,46,SD,raw,12,1749.2,1749.40.2,33,0.9783,45.9801,1.0199,97.83,NA,47,26.3,7,36.5
1749,Hall,2021,Squamata,Dactyloidae,Anolis,sagrei,Anolis_sagrei,Anolis,sagrei,Guana Tolomato Matanzas National Estuarine Research Reserve,Palm Coast,Florida,USA,pop1,2021,Independent_pseudo,Supplementary Information,Table S1 (supplementary),Survival,Hatching success,Hatching success,%,Hatchling,0,mixed,dark organic soil substrate,Fluct,26.3,4.8,-40,40,2,NA,0.142,0.9149,42.0854,3.9146,91.49,NA,46,SD,raw,12,1749.2,1749.40.2,30,0.9362,42.129,2.871,93.62,NA,45,26.3,10,35
1749,Hall,2021,Squamata,Dactyloidae,Anolis,sagrei,Anolis_sagrei,Anolis,sagrei,Guana Tolomato Matanzas National Estuarine Research Reserve,Palm Coast,Florida,USA,pop1,2021,Independent_pseudo,Supplementary Information,Table S1 (supplementary),Survival,Hatching success,Hatching success,%,Hatchling,0,mixed,sand/shell substrate,Fluct,26.3,4.8,-33,33,2,NA,0.142,0.9783,45.9801,1.0199,97.83,NA,47,SD,raw,13,1749.2,1749.33.2,30,0.9362,42.129,2.871,93.62,NA,45,26.3,3,31.5
1750,Janzen,1993,Testudines,Cryptodira,Chelydra,serpentina,Chelydra_serpentina,Chelydra,serpentina,National Widlife Refuge,Whiteside County,Illinois,USA,pop1,1992,Split_pseudo,335,Table 1,Survival,Hatching Success,Hatching Success,%,Hatchling,0,mixed,,Const,27.5,0,-950,950,3,NA,12.54,0.77,43.89,13.11,77,NA,57,SD,raw,5,1750.3,1750.950.3,150,0.753,41.415,13.585,75.3,NA,55,27.5,800,550
1753,Wei,2021,Testudines,Geoemydidae,Mauremys,reevessii,Mauremys_reevesii,Mauremys,reevesii,Guangdong Lvca Industry Co.,Boluo,Guangdong,China,pop1,2017,other,5,Table 1,Survival,Hatching Success,Hatching Success,%,Hatchling,0,mixed,,Const,23,1,50%,300,29,-300,10.2,0.737,14.003,4.997,73.7,NA,19,SD,raw,NA,1753.29,1753.300.29,142,0.818,17.996,4.004,81.8,NA,22,23,158,221
1753,Wei,2021,Testudines,Geoemydidae,Mauremys,reevessii,Mauremys_reevesii,Mauremys,reevesii,Guangdong Lvca Industry Co.,Boluo,Guangdong,China,pop1,2017,other,5,Table 1,Survival,Hatching Success,Hatching Success,%,Hatchling,0,mixed,,Const,23,1,50%,300,29,-300,10.2,0.737,14.003,4.997,73.7,NA,19,SD,raw,NA,1753.29,1753.300.29,85,0.722,12.996,5.004,72.2,NA,18,23,215,192.5
1753,Wei,2021,Testudines,Geoemydidae,Mauremys,reevessii,Mauremys_reevesii,Mauremys,reevesii,Guangdong Lvca Industry Co.,Boluo,Guangdong,China,pop1,2017,other,5,Table 1,Survival,Hatching Success,Hatching Success,%,Hatchling,0,mixed,,Const,23,1,90%,142,29,-142,10.2,0.818,17.996,4.004,81.8,NA,22,SD,raw,NA,1753.29,1753.142.29,85,0.722,12.996,5.004,72.2,NA,18,23,57,113.5
1753,Wei,2021,Testudines,Geoemydidae,Mauremys,reevessii,Mauremys_reevesii,Mauremys,reevesii,Guangdong Lvca Industry Co.,Boluo,Guangdong,China,pop1,2017,other,5,Table 1,Survival,Hatching Success,Hatching Success,%,Hatchling,0,mixed,,Const,26,1,50%,300,30,-300,10.2,1,19,0.1,100,NA,19,SD,raw,NA,1753.3,1753.300.30,142,0.875,14,2,87.5,NA,16,26,158,221
1753,Wei,2021,Testudines,Geoemydidae,Mauremys,reevessii,Mauremys_reevesii,Mauremys,reevesii,Guangdong Lvca Industry Co.,Boluo,Guangdong,China,pop1,2017,other,5,Table 1,Survival,Hatching Success,Hatching Success,%,Hatchling,0,mixed,,Const,26,1,50%,300,30,-300,10.2,1,19,0.1,100,NA,19,SD,raw,NA,1753.3,1753.300.30,85,0.957,22.011,0.989,95.7,NA,23,26,215,192.5
1753,Wei,2021,Testudines,Geoemydidae,Mauremys,reevessii,Mauremys_reevesii,Mauremys,reevesii,Guangdong Lvca Industry Co.,Boluo,Guangdong,China,pop1,2017,other,5,Table 1,Survival,Hatching Success,Hatching Success,%,Hatchling,0,mixed,,Const,26,1,90%,142,30,-142,10.2,0.875,14,2,87.5,NA,16,SD,raw,NA,1753.3,1753.142.30,85,0.957,22.011,0.989,95.7,NA,23,26,57,113.5
1753,Wei,2021,Testudines,Geoemydidae,Mauremys,reevessii,Mauremys_reevesii,Mauremys,reevesii,Guangdong Lvca Industry Co.,Boluo,Guangdong,China,pop1,2017,other,5,Table 1,Survival,Hatching Success,Hatching Success,%,Hatchling,0,mixed,,Const,29,1,50%,300,31,-300,10.2,0.8,16,4,80,NA,20,SD,raw,NA,1753.31,1753.300.31,142,0.852,23.004,3.996,85.2,NA,27,29,158,221
1753,Wei,2021,Testudines,Geoemydidae,Mauremys,reevessii,Mauremys_reevesii,Mauremys,reevesii,Guangdong Lvca Industry Co.,Boluo,Guangdong,China,pop1,2017,other,5,Table 1,Survival,Hatching Success,Hatching Success,%,Hatchling,0,mixed,,Const,29,1,50%,300,31,-300,10.2,0.8,16,4,80,NA,20,SD,raw,NA,1753.31,1753.300.31,85,0.967,29.01,0.99,96.7,NA,30,29,215,192.5
1753,Wei,2021,Testudines,Geoemydidae,Mauremys,reevessii,Mauremys_reevesii,Mauremys,reevesii,Guangdong Lvca Industry Co.,Boluo,Guangdong,China,pop1,2017,other,5,Table 1,Survival,Hatching Success,Hatching Success,%,Hatchling,0,mixed,,Const,29,1,90%,142,31,-142,10.2,0.852,23.004,3.996,85.2,NA,27,SD,raw,NA,1753.31,1753.142.31,85,0.967,29.01,0.99,96.7,NA,30,29,57,113.5
1753,Wei,2021,Testudines,Geoemydidae,Mauremys,reevessii,Mauremys_reevesii,Mauremys,reevesii,Guangdong Lvca Industry Co.,Boluo,Guangdong,China,pop1,2017,other,5,Table 1,Survival,Hatching Success,Hatching Success,%,Hatchling,0,mixed,,Const,32,1,50%,300,32,-300,10.2,0.481,12.987,14.013,48.1,NA,27,SD,raw,NA,1753.32,1753.300.32,142,0.538,13.988,12.012,53.8,NA,26,32,158,221
1753,Wei,2021,Testudines,Geoemydidae,Mauremys,reevessii,Mauremys_reevesii,Mauremys,reevesii,Guangdong Lvca Industry Co.,Boluo,Guangdong,China,pop1,2017,other,5,Table 1,Survival,Hatching Success,Hatching Success,%,Hatchling,0,mixed,,Const,32,1,50%,300,32,-300,10.2,0.481,12.987,14.013,48.1,NA,27,SD,raw,NA,1753.32,1753.300.32,85,0.348,8.004,14.996,34.8,NA,23,32,215,192.5
1753,Wei,2021,Testudines,Geoemydidae,Mauremys,reevessii,Mauremys_reevesii,Mauremys,reevesii,Guangdong Lvca Industry Co.,Boluo,Guangdong,China,pop1,2017,other,5,Table 1,Survival,Hatching Success,Hatching Success,%,Hatchling,0,mixed,,Const,32,1,90%,142,32,-142,10.2,0.538,13.988,12.012,53.8,NA,26,SD,raw,NA,1753.32,1753.142.32,85,0.348,8.004,14.996,34.8,NA,23,32,57,113.5
1753,Wei,2021,Testudines,Geoemydidae,Mauremys,reevessii,Mauremys_reevesii,Mauremys,reevesii,Guangdong Lvca Industry Co.,Boluo,Guangdong,China,pop1,2017,other,5,Table 1,Survival,Hatching Success,Hatching Success,%,Hatchling,0,mixed,,Const,35,1,50%,300,33,-300,10.2,0,0.1,22.9,0,NA,23,SD,raw,NA,1753.33,1753.300.33,142,0.042,1.008,22.992,4.2,NA,24,35,158,221
1753,Wei,2021,Testudines,Geoemydidae,Mauremys,reevessii,Mauremys_reevesii,Mauremys,reevesii,Guangdong Lvca Industry Co.,Boluo,Guangdong,China,pop1,2017,other,5,Table 1,Survival,Hatching Success,Hatching Success,%,Hatchling,0,mixed,,Const,35,1,50%,300,33,-300,10.2,0,0.1,22.9,0,NA,23,SD,raw,NA,1753.33,1753.300.33,85,0.15,3,17,15,NA,20,35,215,192.5
1753,Wei,2021,Testudines,Geoemydidae,Mauremys,reevessii,Mauremys_reevesii,Mauremys,reevesii,Guangdong Lvca Industry Co.,Boluo,Guangdong,China,pop1,2017,other,5,Table 1,Survival,Hatching Success,Hatching Success,%,Hatchling,0,mixed,,Const,35,1,90%,142,33,-142,10.2,0.042,1.008,22.992,4.2,NA,24,SD,raw,NA,1753.33,1753.142.33,85,0.15,3,17,15,NA,20,35,57,113.5
1753,Wei,2021,Testudines,Geoemydidae,Mauremys,reevessii,Mauremys_reevesii,Mauremys,reevesii,Guangdong Lvca Industry Co.,Boluo,Guangdong,China,pop1,2017,other,5,Table 1,Survival,Hatchling Survival,Hatchling Survival,%,Hatchling,365,mixed,,Const,23,1,50%,300,34,-300,10.2,0.357,6.783,12.217,35.7,NA,19,SD,raw,NA,1753.34,1753.300.34,142,0.667,14.674,7.326,66.7,NA,22,23,158,221
1753,Wei,2021,Testudines,Geoemydidae,Mauremys,reevessii,Mauremys_reevesii,Mauremys,reevesii,Guangdong Lvca Industry Co.,Boluo,Guangdong,China,pop1,2017,other,5,Table 1,Survival,Hatchling Survival,Hatchling Survival,%,Hatchling,365,mixed,,Const,23,1,50%,300,34,-300,10.2,0.357,6.783,12.217,35.7,NA,19,SD,raw,NA,1753.34,1753.300.34,85,0.615,11.07,6.93,61.5,NA,18,23,215,192.5
1753,Wei,2021,Testudines,Geoemydidae,Mauremys,reevessii,Mauremys_reevesii,Mauremys,reevesii,Guangdong Lvca Industry Co.,Boluo,Guangdong,China,pop1,2017,other,5,Table 1,Survival,Hatchling Survival,Hatchling Survival,%,Hatchling,365,mixed,,Const,23,1,90%,142,34,-142,10.2,0.667,14.674,7.326,66.7,NA,22,SD,raw,NA,1753.34,1753.142.34,85,0.615,11.07,6.93,61.5,NA,18,23,57,113.5
1753,Wei,2021,Testudines,Geoemydidae,Mauremys,reevessii,Mauremys_reevesii,Mauremys,reevesii,Guangdong Lvca Industry Co.,Boluo,Guangdong,China,pop1,2017,other,5,Table 1,Survival,Hatchling Survival,Hatchling Survival,%,Hatchling,365,mixed,,Const,26,1,50%,300,35,-300,10.2,0.947,17.993,1.007,94.7,NA,19,SD,raw,NA,1753.35,1753.300.35,142,0.929,14.864,1.136,92.9,NA,16,26,158,221
1753,Wei,2021,Testudines,Geoemydidae,Mauremys,reevessii,Mauremys_reevesii,Mauremys,reevesii,Guangdong Lvca Industry Co.,Boluo,Guangdong,China,pop1,2017,other,5,Table 1,Survival,Hatchling Survival,Hatchling Survival,%,Hatchling,365,mixed,,Const,26,1,50%,300,35,-300,10.2,0.947,17.993,1.007,94.7,NA,19,SD,raw,NA,1753.35,1753.300.35,85,0.909,20.907,2.093,90.9,NA,23,26,215,192.5
1753,Wei,2021,Testudines,Geoemydidae,Mauremys,reevessii,Mauremys_reevesii,Mauremys,reevesii,Guangdong Lvca Industry Co.,Boluo,Guangdong,China,pop1,2017,other,5,Table 1,Survival,Hatchling Survival,Hatchling Survival,%,Hatchling,365,mixed,,Const,26,1,90%,142,35,-142,10.2,0.929,14.864,1.136,92.9,NA,16,SD,raw,NA,1753.35,1753.142.35,85,0.909,20.907,2.093,90.9,NA,23,26,57,113.5
1753,Wei,2021,Testudines,Geoemydidae,Mauremys,reevessii,Mauremys_reevesii,Mauremys,reevesii,Guangdong Lvca Industry Co.,Boluo,Guangdong,China,pop1,2017,other,5,Table 1,Survival,Hatchling Survival,Hatchling Survival,%,Hatchling,365,mixed,,Const,29,1,50%,300,36,-300,10.2,1,20,0.1,100,NA,20,SD,raw,NA,1753.36,1753.300.36,142,1,27,0.1,100,NA,27,29,158,221
1753,Wei,2021,Testudines,Geoemydidae,Mauremys,reevessii,Mauremys_reevesii,Mauremys,reevesii,Guangdong Lvca Industry Co.,Boluo,Guangdong,China,pop1,2017,other,5,Table 1,Survival,Hatchling Survival,Hatchling Survival,%,Hatchling,365,mixed,,Const,29,1,50%,300,36,-300,10.2,1,20,0.1,100,NA,20,SD,raw,NA,1753.36,1753.300.36,85,0.897,26.91,3.09,89.7,NA,30,29,215,192.5
1753,Wei,2021,Testudines,Geoemydidae,Mauremys,reevessii,Mauremys_reevesii,Mauremys,reevesii,Guangdong Lvca Industry Co.,Boluo,Guangdong,China,pop1,2017,other,5,Table 1,Survival,Hatchling Survival,Hatchling Survival,%,Hatchling,365,mixed,,Const,29,1,90%,142,36,-142,10.2,1,27,0.1,100,NA,27,SD,raw,NA,1753.36,1753.142.36,85,0.897,26.91,3.09,89.7,NA,30,29,57,113.5
1753,Wei,2021,Testudines,Geoemydidae,Mauremys,reevessii,Mauremys_reevesii,Mauremys,reevesii,Guangdong Lvca Industry Co.,Boluo,Guangdong,China,pop1,2017,other,5,Table 1,Survival,Hatchling Survival,Hatchling Survival,%,Hatchling,365,mixed,,Const,32,1,50%,300,37,-300,10.2,0.923,24.921,2.079,92.3,NA,27,SD,raw,NA,1753.37,1753.300.37,142,0.857,22.282,3.718,85.7,NA,26,32,158,221
1753,Wei,2021,Testudines,Geoemydidae,Mauremys,reevessii,Mauremys_reevesii,Mauremys,reevesii,Guangdong Lvca Industry Co.,Boluo,Guangdong,China,pop1,2017,other,5,Table 1,Survival,Hatchling Survival,Hatchling Survival,%,Hatchling,365,mixed,,Const,32,1,50%,300,37,-300,10.2,0.923,24.921,2.079,92.3,NA,27,SD,raw,NA,1753.37,1753.300.37,85,0.875,20.125,2.875,87.5,NA,23,32,215,192.5
1753,Wei,2021,Testudines,Geoemydidae,Mauremys,reevessii,Mauremys_reevesii,Mauremys,reevesii,Guangdong Lvca Industry Co.,Boluo,Guangdong,China,pop1,2017,other,5,Table 1,Survival,Hatchling Survival,Hatchling Survival,%,Hatchling,365,mixed,,Const,32,1,90%,142,37,-142,10.2,0.857,22.282,3.718,85.7,NA,26,SD,raw,NA,1753.37,1753.142.37,85,0.875,20.125,2.875,87.5,NA,23,32,57,113.5
1753,Wei,2021,Testudines,Geoemydidae,Mauremys,reevessii,Mauremys_reevesii,Mauremys,reevesii,Guangdong Lvca Industry Co.,Boluo,Guangdong,China,pop1,2017,other,5,Table 1,Survival,Hatchling Survival,Hatchling Survival,%,Hatchling,365,mixed,,Const,35,1,90%,142,38,-142,10.2,0,0.1,23.9,0,NA,24,SD,raw,NA,1753.38,1753.142.38,85,0,0.1,19.9,0,NA,20,35,57,113.5
1754,Wang,2021,Squamata,Lacertidae,Eremias ,argus,Eremias_argus,Eremias ,argus,NA,Jintai county,Gansu,China,pop1,2021,split_pseudo,347,Figure 3,Survival,Hatching success,Hatching success,%,Embryo,0,mixed,"Mothers taken from different climates with differing moisture acclimations. Jintai origin = 19.6 degrees C, and -1053 kPa. Shi'erliancheng origin = 21.2 degrees C and -29kPa",Const,24,6,-700,700,3,NA,0.44,0.84,31.08,5.92,84,NA,37,SD,raw,NA,1754.3,1754.700.3,180,0.83,30.71,6.29,83,NA,37,24,520,440
1754,Wang,2021,Squamata,Lacertidae,Eremias ,argus,Eremias_argus,Eremias ,argus,Shi'erliancheng,Ordos City,Inner Mongolia,China,pop2,2021,split_pseudo,347,Figure 3,Survival,Hatching success,Hatching success,%,Embryo,0,mixed,"Mothers taken from different climates with differing moisture acclimations. Jintai origin = 19.6 degrees C, and -1053 kPa. Shi'erliancheng origin = 21.2 degrees C and -29kPa",Const,24,6,-700,700,4,NA,0.44,0.52,19.76,18.24,52,NA,38,SD,raw,NA,1754.4,1754.700.4,180,0.73,27.74,10.26,73,NA,38,24,520,440
1757,Tracy,1980,Squamata,Phrynosomatidae,Sceloporus,undulatus,Sceloporus_undulatus,Sceloporus,undulatus,Book Cliff Mountains,Rifle,Colorado,USA,pop1,1976,other,479,Figure 2B,Survival,Hatching Survival,Hatching Survival,%,Hatchling,0,mixed,,Const,28,1,-590,590,1,NA,0.379,0.53,5.03,4.97,50.28391167,NA,10,SD,raw,NA,1757.1,1757.590.1,420,0.800630915,8.01,1.99,80.06309148,NA,10,28,170,505
1757,Tracy,1980,Squamata,Phrynosomatidae,Sceloporus,undulatus,Sceloporus_undulatus,Sceloporus,undulatus,Book Cliff Mountains,Rifle,Colorado,USA,pop1,1976,other,479,Figure 2B,Survival,Hatching Survival,Hatching Survival,%,Hatchling,0,mixed,,Const,28,1,-590,590,1,NA,0.379,0.53,5.03,4.97,50.28391167,NA,10,SD,raw,NA,1757.1,1757.590.1,300,0.699684543,7,3,69.96845426,NA,10,28,290,445
1757,Tracy,1980,Squamata,Phrynosomatidae,Sceloporus,undulatus,Sceloporus_undulatus,Sceloporus,undulatus,Book Cliff Mountains,Rifle,Colorado,USA,pop1,1976,other,479,Figure 2B,Survival,Hatching Survival,Hatching Survival,%,Hatchling,0,mixed,,Const,28,1,-590,590,1,NA,0.379,0.53,5.03,4.97,50.28391167,NA,10,SD,raw,NA,1757.1,1757.590.1,230,0.861198738,6.03,0.97,86.11987382,NA,7,28,360,410
1757,Tracy,1980,Squamata,Phrynosomatidae,Sceloporus,undulatus,Sceloporus_undulatus,Sceloporus,undulatus,Book Cliff Mountains,Rifle,Colorado,USA,pop1,1976,other,479,Figure 2B,Survival,Hatching Survival,Hatching Survival,%,Hatchling,0,mixed,,Const,28,1,-590,590,1,NA,0.379,0.53,5.03,4.97,50.28391167,NA,10,SD,raw,NA,1757.1,1757.590.1,200,0.275709779,4.96,13.04,27.57097792,NA,18,28,390,395
1757,Tracy,1980,Squamata,Phrynosomatidae,Sceloporus,undulatus,Sceloporus_undulatus,Sceloporus,undulatus,Book Cliff Mountains,Rifle,Colorado,USA,pop1,1976,other,479,Figure 2B,Survival,Hatching Survival,Hatching Survival,%,Hatchling,0,mixed,,Const,28,1,-420,420,1,NA,0.379,0.8,8.01,1.99,80.06309148,NA,10,SD,raw,NA,1757.1,1757.420.1,300,0.699684543,7,3,69.96845426,NA,10,28,120,360
1757,Tracy,1980,Squamata,Phrynosomatidae,Sceloporus,undulatus,Sceloporus_undulatus,Sceloporus,undulatus,Book Cliff Mountains,Rifle,Colorado,USA,pop1,1976,other,479,Figure 2B,Survival,Hatching Survival,Hatching Survival,%,Hatchling,0,mixed,,Const,28,1,-420,420,1,NA,0.379,0.8,8.01,1.99,80.06309148,NA,10,SD,raw,NA,1757.1,1757.420.1,230,0.861198738,6.03,0.97,86.11987382,NA,7,28,190,325
1757,Tracy,1980,Squamata,Phrynosomatidae,Sceloporus,undulatus,Sceloporus_undulatus,Sceloporus,undulatus,Book Cliff Mountains,Rifle,Colorado,USA,pop1,1976,other,479,Figure 2B,Survival,Hatching Survival,Hatching Survival,%,Hatchling,0,mixed,,Const,28,1,-420,420,1,NA,0.379,0.8,8.01,1.99,80.06309148,NA,10,SD,raw,NA,1757.1,1757.420.1,200,0.275709779,4.96,13.04,27.57097792,NA,18,28,220,310
1757,Tracy,1980,Squamata,Phrynosomatidae,Sceloporus,undulatus,Sceloporus_undulatus,Sceloporus,undulatus,Book Cliff Mountains,Rifle,Colorado,USA,pop1,1976,other,479,Figure 2B,Survival,Hatching Survival,Hatching Survival,%,Hatchling,0,mixed,,Const,28,1,-300,300,1,NA,0.379,0.7,7,3,69.96845426,NA,10,SD,raw,NA,1757.1,1757.300.1,230,0.861198738,6.03,0.97,86.11987382,NA,7,28,70,265
1757,Tracy,1980,Squamata,Phrynosomatidae,Sceloporus,undulatus,Sceloporus_undulatus,Sceloporus,undulatus,Book Cliff Mountains,Rifle,Colorado,USA,pop1,1976,other,479,Figure 2B,Survival,Hatching Survival,Hatching Survival,%,Hatchling,0,mixed,,Const,28,1,-300,300,1,NA,0.379,0.7,7,3,69.96845426,NA,10,SD,raw,NA,1757.1,1757.300.1,200,0.275709779,4.96,13.04,27.57097792,NA,18,28,100,250
1757,Tracy,1980,Squamata,Phrynosomatidae,Sceloporus,undulatus,Sceloporus_undulatus,Sceloporus,undulatus,Book Cliff Mountains,Rifle,Colorado,USA,pop1,1976,other,479,Figure 2B,Survival,Hatching Survival,Hatching Survival,%,Hatchling,0,mixed,,Const,28,1,-230,230,1,NA,0.379,0.86,6.03,0.97,86.11987382,NA,7,SD,raw,NA,1757.1,1757.230.1,200,0.275709779,4.96,13.04,27.57097792,NA,18,28,30,215
